Time,FPS,Chunks Loaded,Chunks Loading,Accumulated Time
0.05038475,19.847275,1,1,0.05038475
0.051387474,19.459995,2,2,0.10177222
0.04260104,23.473604,5,1,0.14437327
0.043178733,23.15955,7,1,0.187552
0.04775691,20.939379,8,2,0.23530892
0.039609183,25.246672,10,2,0.2749181
0.044283543,22.581753,12,2,0.31920165
0.043226697,23.133852,14,2,0.36242834
0.053183418,18.802853,16,2,0.41561174
0.04359503,22.938393,18,2,0.45920676
0.04577152,21.847647,20,2,0.5049783
0.038831636,25.752197,22,2,0.54380995
0.04496321,22.240404,24,2,0.58877313
0.084044844,11.89841,26,2,0.67281795
0.07306528,13.68639,28,2,0.7458832
0.067087404,14.905928,30,2,0.81297064
0.046273306,21.610731,32,2,0.8592439
0.039128307,25.556944,34,2,0.89837223
0.045194965,22.12636,36,2,0.9435672
0.055732127,17.942972,38,2,0.99929935
0.07715498,12.960926,39,3,1.0764543
0.08665431,11.540107,42,2,1.1631086
0.13885565,7.201723,42,4,1.3019643
0.14215952,7.0343513,44,4,1.4441237
0.08029616,12.453896,49,1,1.5244199
0.04588023,21.795881,51,1,1.5703001
0.07640332,13.088437,52,2,1.6467035
0.08689109,11.508659,54,2,1.7335945
0.086335726,11.58269,54,4,1.8199303
0.12490824,8.005877,54,6,1.9448385
0.19654424,5.0879126,54,8,2.1413827
0.1278731,7.8202534,62,2,2.2692559
0.037815496,26.444185,65,1,2.3070714
0.037171066,26.902645,67,1,2.3442426
0.03013588,33.183037,68,2,2.3743784
0.044948466,22.2477,68,4,2.419327
0.09381194,10.659624,69,5,2.513139
0.10940619,9.140251,70,6,2.6225452
0.20306197,4.9246054,70,8,2.8256073
0.17083995,5.8534317,76,4,2.9964473
0.025116112,39.81508,79,3,3.0215635
0.050838,19.670324,82,2,3.0724015
0.024169156,41.37505,84,2,3.0965707
0.06933366,14.42301,84,4,3.1659043
0.042514298,23.521498,84,6,3.2084186
0.056290127,17.765104,85,7,3.2647088
0.15501432,6.451017,86,8,3.419723
0.3131097,3.1937687,93,3,3.7328327
0.023485553,42.57937,96,2,3.7563183
0.016698834,59.884422,98,2,3.7730172
0.04229884,23.64131,100,2,3.815316
0.041066412,24.3508,100,4,3.8563824
0.08927393,11.201478,101,5,3.9456563
0.03645626,27.43013,101,7,3.9821126
0.15910164,6.2852907,103,7,4.1412144
0.2265661,4.413723,109,3,4.3677807
0.025214301,39.66003,109,5,4.392995
0.10203845,9.800227,112,4,4.4950333
0.0481521,20.767527,116,2,4.543185
0.045457687,21.99848,117,3,4.588643
0.06404813,15.613258,117,5,4.6526914
0.044268828,22.589258,117,7,4.69696
0.12618594,7.924813,117,9,4.823146
0.08648104,11.563228,119,9,4.909627
0.31860542,3.1386786,128,2,5.2282324
0.055017874,18.17591,130,2,5.2832503
0.041618492,24.02778,132,2,5.3248687
0.04379081,22.835842,132,4,5.3686595
0.060217407,16.606493,133,5,5.428877
0.082614504,12.104412,133,7,5.5114913
0.15433028,6.47961,137,5,5.6658216
0.08185613,12.216556,140,4,5.747678
0.17005652,5.880398,144,2,5.917734
0.017793832,56.19925,146,2,5.935528
0.03641861,27.458488,147,3,5.9719462
0.07206099,13.877134,148,4,6.0440073
0.041173797,24.28729,149,5,6.085181
0.17643936,5.66767,151,5,6.2616205
0.13890977,7.198918,158,0,6.4005303
0.016168643,61.848114,158,2,6.416699
0.017787686,56.21867,160,2,6.4344864
0.024053955,41.573204,162,2,6.4585404
0.072420225,13.808298,164,2,6.5309606
0.06300532,15.871675,165,3,6.593966
0.022403177,44.636528,168,2,6.6163692
0.048651867,20.554195,169,3,6.665021
0.015084328,66.29397,173,1,6.680105
0.016589286,60.27987,174,2,6.6966944
0.018132506,55.149574,176,2,6.714827
0.063019425,15.868124,178,2,6.7778463
0.026597407,37.597652,180,2,6.804444
0.02508212,39.869038,182,2,6.829526
0.017701562,56.492188,185,1,6.8472276
0.016294017,61.372215,186,2,6.8635216
0.021871407,45.721798,188,2,6.885393
0.024095397,41.5017,190,2,6.9094887
0.015346038,65.1634,192,2,6.9248347
0.015651068,63.893402,195,1,6.940486
0.016002053,62.491978,196,2,6.956488
0.015925992,62.790436,198,2,6.972414
0.015992872,62.527855,200,2,6.9884067
0.015916144,62.829285,202,0,7.004323
0.015717613,63.62289,202,0,7.0200405
0.016434383,60.84804,202,0,7.0364747
0.015156619,65.977776,202,0,7.0516315
0.016823916,59.439198,202,0,7.068455
0.015946655,62.709076,202,0,7.084402
0.015960718,62.653828,202,0,7.100363
0.015511911,64.46659,202,0,7.115875
0.01565408,63.88111,202,0,7.131529
0.016216785,61.66451,202,0,7.1477456
0.015521258,64.427765,202,0,7.1632667
0.016462322,60.74477,202,0,7.179729
0.015183633,65.86039,202,0,7.1949124
0.016192207,61.758102,202,0,7.211105
0.016351078,61.15805,202,0,7.227456
0.015430946,64.80484,202,0,7.242887
0.016453365,60.777843,202,0,7.2593403
0.015862346,63.042377,202,0,7.2752028
0.016126562,62.009502,202,0,7.2913294
0.016928254,59.07284,202,0,7.3082576
0.01596331,62.643646,202,0,7.3242207
0.01614946,61.921574,202,0,7.34037
0.015907153,62.8648,202,0,7.3562775
0.015716897,63.62579,202,0,7.3719945
0.016465958,60.731354,202,0,7.3884606
0.016074672,62.209667,202,0,7.4045353
0.015960718,62.653824,202,0,7.420496
0.015929408,62.776974,202,0,7.436425
0.01607251,62.21804,202,0,7.4524975
0.015575384,64.20387,202,0,7.468073
0.016321333,61.269505,202,0,7.484394
0.01593437,62.75742,202,0,7.5003285
0.015947653,62.70515,202,0,7.5162764
0.015878037,62.980076,202,0,7.5321546
0.01513272,66.08197,202,0,7.5472875
0.01654957,60.424526,202,0,7.563837
0.015576494,64.1993,202,0,7.5794134
0.01575169,63.485252,202,0,7.5951653
0.016018758,62.42681,202,0,7.611184
0.016305137,61.330364,202,0,7.627489
0.016141685,61.951405,202,0,7.643631
0.015287259,65.41395,202,0,7.6589184
0.016446577,60.802925,202,0,7.675365
0.015671646,63.809505,202,0,7.6910367
0.016003035,62.488148,202,0,7.70704
0.015773777,63.396362,202,0,7.7228136
0.01636687,61.099037,202,0,7.7391806
0.015777411,63.381756,202,0,7.754958
0.015497312,64.52732,202,0,7.7704554
0.016584404,60.297615,202,0,7.7870398
0.01637413,61.071945,202,0,7.803414
0.015966952,62.62936,202,0,7.8193808
0.016343614,61.185978,202,0,7.8357244
0.01546585,64.658585,202,0,7.85119
0.015999846,62.500603,202,0,7.86719
0.015954848,62.676872,202,0,7.883145
0.015858488,63.057713,202,0,7.8990035
0.01597091,62.61384,202,0,7.914974
0.015757317,63.462585,202,0,7.9307313
0.016426114,60.87867,202,0,7.9471574
0.015350459,65.14463,202,0,7.9625077
0.016338587,61.204803,202,0,7.9788465
0.01621557,61.66912,202,0,7.9950624
0.016311163,61.307705,202,0,8.0113735
0.016395198,60.993465,202,0,8.027769
0.015397988,64.94355,202,0,8.043167
0.016349373,61.164425,202,0,8.059517
0.01577638,63.385895,202,0,8.075294
0.015619694,64.02174,202,0,8.090913
0.016369332,61.089848,202,0,8.107282
0.02221478,45.015076,202,0,8.129497
0.015597338,64.1135,202,0,8.145094
0.016207442,61.700054,202,0,8.161302
0.01604587,62.32133,202,0,8.177347
0.016256325,61.51452,202,0,8.1936035
0.0161631,61.86932,202,0,8.209766
0.016233372,61.601498,202,0,8.226
0.016191823,61.759567,202,0,8.242191
0.015768439,63.417824,202,0,8.257959
0.015420528,64.848625,202,0,8.27338
0.016407324,60.94839,202,0,8.289787
0.015159667,65.96451,202,0,8.304947
0.016255543,61.517483,202,0,8.321202
0.015476469,64.61422,202,0,8.3366785
0.01606195,62.25894,202,0,8.35274
0.016147748,61.92814,202,0,8.368888
0.016204445,61.711468,202,0,8.385093
0.015736789,63.54537,202,0,8.400829
0.015541425,64.34416,202,0,8.41637
0.016187964,61.774292,202,0,8.432558
0.015837984,63.139343,202,0,8.448396
0.016331611,61.230946,202,0,8.464727
0.016456084,60.767796,202,0,8.481183
0.01629227,61.3788,202,0,8.497476
0.015793948,63.31539,202,0,8.513269
0.015346566,65.161156,202,0,8.528616
0.016509553,60.57099,202,0,8.545126
0.016097182,62.12267,202,0,8.561223
0.015158091,65.97137,202,0,8.576381
0.016171264,61.838085,202,0,8.592552
0.01625501,61.519493,202,0,8.608808
0.01616322,61.86886,202,0,8.62497
0.016083125,62.17697,202,0,8.641053
0.016183255,61.792267,202,0,8.657236
0.016167723,61.85163,202,0,8.673404
0.016309572,61.313683,202,0,8.6897135
0.01582226,63.2021,202,0,8.705536
0.016075851,62.2051,202,0,8.721612
0.015247623,65.58399,202,0,8.736859
0.016397396,60.98529,202,0,8.753257
0.01551013,64.47399,202,0,8.768767
0.01596884,62.621952,202,0,8.784737
0.015822232,63.20221,202,0,8.800559
0.01587117,63.007328,202,0,8.81643
0.017411094,57.434643,202,0,8.833841
0.016320994,61.27078,202,0,8.8501625
0.016793914,59.54538,202,0,8.866957
0.016239002,61.580135,202,0,8.883196
0.015779583,63.373035,202,0,8.898975
0.016568722,60.354683,202,0,8.9155445
0.015544069,64.33322,202,0,8.931088
0.016228596,61.61963,202,0,8.947317
0.015607403,64.07216,202,0,8.962925
0.016607014,60.21552,202,0,8.979532
0.016536629,60.47182,202,0,8.996069
0.016041795,62.337166,202,0,9.012111
0.015370474,65.0598,202,0,9.027481
0.016002664,62.489597,202,0,9.043484
0.01606799,62.235542,202,0,9.059552
0.015453575,64.709946,202,0,9.075006
0.015942656,62.724808,202,0,9.090948
0.016596287,60.25444,202,0,9.107544
0.015480971,64.59543,202,0,9.123025
0.029718809,33.648724,202,1,9.152743
0.017602678,56.809536,202,1,9.170346
0.01699472,58.8418,202,1,9.187341
0.042875778,23.323193,202,1,9.230217
0.015962876,62.645348,202,1,9.24618
0.016232898,61.603294,202,0,9.262412
0.016276695,61.43754,202,0,9.278688
0.016099012,62.115616,202,0,9.294787
0.015994057,62.523224,202,0,9.3107815
0.016264841,61.48231,202,0,9.327046
0.015618127,64.02817,202,0,9.342665
0.016135568,61.97489,202,0,9.3588
0.016253812,61.524025,202,0,9.375053
0.015360807,65.100746,202,0,9.390414
0.016043732,62.32964,202,0,9.406458
0.015800504,63.28912,202,0,9.422258
0.01623913,61.57965,202,0,9.438498
0.015931236,62.76977,202,0,9.454429
0.016066343,62.241917,202,0,9.470495
0.01591277,62.842613,202,0,9.486408
0.019823689,50.4447,202,1,9.506232
0.007109744,140.65204,202,0,9.513342
0.015941046,62.73114,202,0,9.529283
0.015546391,64.32361,201,0,9.544829
0.016076893,62.201077,201,1,9.560906
0.016904661,59.15528,201,1,9.577811
0.016098963,62.1158,201,1,9.59391
0.016464736,60.735863,201,2,9.610375
0.015950449,62.69416,201,0,9.626326
0.015346175,65.16282,201,0,9.641672
0.016113248,62.060734,201,0,9.657785
0.016207555,61.699615,201,0,9.673993
0.015590062,64.143425,201,1,9.689583
0.015917793,62.822784,201,1,9.705501
0.01629824,61.35632,201,1,9.721799
0.01396293,71.61821,201,0,9.735762
0.015342482,65.178505,201,0,9.751104
0.016322032,61.266884,200,0,9.7674265
0.016220832,61.64912,200,0,9.783648
0.015265158,65.50866,200,0,9.798913
0.016254352,61.521984,200,0,9.815167
0.016175995,61.82,200,1,9.831344
0.01703822,58.691574,200,1,9.848382
0.016165903,61.858593,200,1,9.864548
0.016420426,60.899765,200,0,9.880968
0.016169008,61.846718,200,0,9.897137
0.016148113,61.926743,200,0,9.913285
0.016137892,61.96596,200,1,9.929423
0.016542625,60.449898,200,0,9.945966
0.015612402,64.05164,200,0,9.961578
0.015510105,64.4741,200,0,9.977089
0.016028354,62.38944,200,1,9.993117
0.015607489,64.07181,200,0,10.008725
0.016414028,60.9235,200,0,10.025139
0.015438418,64.773476,200,0,10.040577
0.01608746,62.160217,200,2,10.056664
0.016688235,59.922455,200,0,10.073353
0.034485478,28.997713,200,1,10.107839
0.016227376,61.62426,200,0,10.124066
0.015430253,64.807755,200,1,10.139497
0.016009605,62.4625,201,1,10.155506
0.015705971,63.67005,201,0,10.171212
0.016430434,60.862667,201,0,10.187643
0.016289745,61.388317,201,0,10.203933
0.01628514,61.405674,201,0,10.220218
0.015617665,64.03006,201,0,10.235835
0.01695007,58.996807,201,0,10.252785
0.016007133,62.47215,201,1,10.268792
0.016277023,61.4363,201,0,10.285069
0.015771272,63.406425,200,0,10.30084
0.015678408,63.78199,200,0,10.316519
0.016248705,61.54337,200,0,10.3327675
0.016102891,62.10065,200,1,10.34887
0.015643338,63.924976,200,0,10.364513
0.015605102,64.081604,200,0,10.380118
0.016432393,60.855408,200,1,10.396551
0.015417765,64.860245,201,0,10.411969
0.016731264,59.76835,201,0,10.4287
0.017270705,57.90152,201,0,10.4459715
0.016194625,61.748886,201,0,10.462166
0.02586696,38.659355,201,1,10.488032
0.015243726,65.60076,200,1,10.503276
0.050038453,19.98463,200,3,10.553314
0.022386221,44.670334,201,1,10.575701
0.0315879,31.657692,201,1,10.607288
0.030333761,32.966568,201,1,10.637622
0.017693827,56.516888,200,1,10.655315
0.016092349,62.14133,200,0,10.671408
0.016188614,61.771812,200,0,10.687596
0.015519144,64.43655,200,0,10.703115
0.016161384,61.87589,200,0,10.719276
0.01613552,61.975075,200,0,10.735412
0.016494725,60.625446,200,0,10.751906
0.015727747,63.581894,200,0,10.767634
0.016389359,61.0152,200,1,10.784023
0.01682643,59.43031,201,1,10.80085
0.015247266,65.585526,201,0,10.816097
0.016449125,60.793503,201,1,10.832546
0.014327952,69.79365,201,0,10.846874
0.016547581,60.43179,201,0,10.863421
0.01619059,61.76427,201,0,10.879612
0.016720712,59.80606,201,0,10.896333
0.022870366,43.724705,201,1,10.919203
0.02093048,47.77721,201,1,10.940133
0.048885956,20.455772,201,2,10.989019
0.017332412,57.695374,202,1,11.006351
0.021259148,47.038574,202,1,11.027611
0.06836586,14.627184,202,3,11.095977
0.0517935,19.307442,202,3,11.14777
0.038167205,26.200504,202,2,11.185937
0.026340198,37.964787,202,1,11.212277
0.034142245,29.289228,202,1,11.24642
0.027662857,36.149555,202,1,11.274083
0.024588749,40.669006,202,2,11.298672
0.016893383,59.194775,202,1,11.315565
0.016963303,58.950783,201,1,11.332528
0.023339678,42.845493,199,1,11.355867
0.01625011,61.538044,199,1,11.372117
0.015880937,62.968582,199,0,11.387998
0.016109625,62.07469,199,1,11.404107
0.015117052,66.15047,199,0,11.419224
0.016047187,62.31622,199,1,11.435271
0.016325485,61.25392,199,1,11.451597
0.016160348,61.879852,199,0,11.467757
0.01530402,65.34231,199,1,11.483061
0.016183777,61.79027,200,0,11.499245
0.01621268,61.680122,200,0,11.515457
0.03927927,25.458721,200,2,11.554736
0.013382166,74.72632,200,1,11.568118
0.05130977,19.489466,200,1,11.619428
0.01673771,59.745327,200,1,11.636166
0.015521578,64.42644,200,0,11.651688
0.015654068,63.881157,200,0,11.667341
0.01683339,59.405743,200,0,11.684175
0.016656598,60.03627,200,0,11.700831
0.015389262,64.98038,200,0,11.716221
0.015962452,62.647022,200,0,11.732183
0.016372927,61.07644,200,0,11.748556
0.016891852,59.200138,200,0,11.765448
0.021118678,47.351448,200,1,11.786567
0.009339576,107.07124,200,1,11.795906
0.01693908,59.035084,200,1,11.812845
0.027406823,36.487267,200,3,11.840252
0.007892403,126.704124,201,1,11.848145
0.01637243,61.078293,201,0,11.864517
0.01622627,61.628464,201,0,11.880743
0.016314121,61.296593,201,0,11.897058
0.015775487,63.389484,201,1,11.912833
0.015665637,63.833984,201,0,11.928499
0.0163388,61.20401,201,0,11.944838
0.015760612,63.449318,201,1,11.960598
0.016423075,60.889942,201,0,11.977021
0.016276177,61.439487,201,0,11.993298
0.01597874,62.583153,201,0,12.009276
0.015829429,63.173473,201,0,12.025105
0.016584344,60.29783,201,0,12.04169
0.016527297,60.505962,201,0,12.058217
0.015444808,64.74667,201,0,12.073662
0.016613081,60.193527,201,0,12.090275
0.015740138,63.531845,201,0,12.106015
0.015501573,64.50958,201,1,12.121517
0.024120985,41.457676,201,1,12.145638
0.015643269,63.925262,202,0,12.161282
0.01618426,61.78843,202,0,12.177465
0.01634951,61.163914,202,0,12.193815
0.015233782,65.64358,202,0,12.209049
0.016250985,61.534733,202,0,12.2253
0.016416889,60.91288,202,1,12.241716
0.01670534,59.861103,202,0,12.258422
0.015469589,64.64296,202,0,12.273891
0.016464042,60.73843,202,0,12.290356
0.015831724,63.164314,202,0,12.306188
0.016078925,62.193214,202,0,12.322267
0.015314193,65.298904,202,0,12.337581
0.016359614,61.126137,202,0,12.35394
0.015593708,64.128426,202,0,12.369534
0.015651831,63.89029,202,0,12.385185
0.016058577,62.272015,202,0,12.401244
0.026221238,38.137024,202,1,12.427465
0.015902247,62.884193,202,0,12.443368
0.015249047,65.577866,202,1,12.458617
0.01660685,60.216114,202,1,12.4752245
0.015561931,64.25938,201,0,12.490787
0.015648486,63.903942,201,0,12.506435
0.016769418,59.63236,200,1,12.523205
0.016589558,60.27888,201,0,12.539794
0.01565196,63.889767,201,0,12.555446
0.015669048,63.82009,201,1,12.571115
0.020435981,48.9333,201,1,12.591551
0.015413228,64.87933,201,0,12.606964
0.016684553,59.93568,201,0,12.623649
0.016442409,60.818344,201,0,12.640091
0.016391272,61.00808,201,0,12.656482
0.016489722,60.64384,201,0,12.672972
0.015886541,62.94636,201,0,12.688858
0.015729912,63.57315,201,0,12.704588
0.015558062,64.27536,201,0,12.720146
0.01602661,62.39623,201,0,12.736173
0.016509293,60.571945,201,1,12.752682
0.01642308,60.889915,201,0,12.769105
0.016116848,62.04687,201,0,12.785222
0.016112735,62.062706,201,0,12.801334
0.015998483,62.50593,201,0,12.817333
0.016563822,60.372543,201,0,12.833897
0.015595556,64.12083,201,0,12.849492
0.015543789,64.33438,201,0,12.865036
0.016358808,61.129147,201,1,12.881394
0.015762242,63.442753,201,0,12.897157
0.015992785,62.528202,201,0,12.91315
0.016366212,61.101498,201,0,12.929516
0.016586052,60.29162,201,0,12.946102
0.015687892,63.743427,201,0,12.96179
0.028391145,35.222248,201,1,12.990181
0.015685843,63.75175,201,0,13.005867
0.016286036,61.402294,201,0,13.022153
0.01648201,60.672207,201,1,13.038635
0.016251933,61.531147,202,0,13.054887
0.015341747,65.181625,201,0,13.070229
0.016508913,60.573345,201,0,13.086738
0.015158477,65.96969,201,0,13.101896
0.022499584,44.445267,201,1,13.124396
0.015570624,64.2235,201,1,13.139967
0.015800878,63.28762,201,1,13.155767
0.015647683,63.907227,202,1,13.171415
0.016291715,61.380894,202,0,13.187707
0.016304137,61.334126,202,0,13.204011
0.030896882,32.365726,202,1,13.234908
0.021469038,46.578705,202,1,13.256377
0.025804555,38.75285,202,1,13.282182
0.016353646,61.14844,202,0,13.298535
0.0155534,64.294624,202,0,13.314089
0.01638821,61.019478,202,0,13.330477
0.01614502,61.938602,202,0,13.3466215
0.01637265,61.07747,202,0,13.362994
0.016075592,62.206104,202,0,13.379069
0.015870519,63.00991,202,0,13.394939
0.015310052,65.31657,202,0,13.41025
0.016413664,60.924847,202,0,13.426663
0.027337948,36.57919,202,1,13.454001
0.036565423,27.348242,202,1,13.490567
0.025553448,39.13366,202,1,13.516121
0.015267273,65.49958,202,0,13.531388
0.016531033,60.492287,202,0,13.547919
0.017364547,57.588604,202,0,13.565284
0.01588852,62.938522,202,0,13.581172
0.015835278,63.15014,202,0,13.597007
0.016196854,61.74038,202,0,13.613204
0.016243627,61.562607,202,0,13.629448
0.016718723,59.813183,202,0,13.646167
0.016002739,62.489307,202,0,13.662169
0.016826501,59.43006,202,0,13.678996
0.015126209,66.11042,202,1,13.694122
0.017163591,58.262863,203,1,13.711286
0.016308364,61.318233,203,0,13.727594
0.016059725,62.267567,203,0,13.743654
0.016066471,62.24142,203,0,13.759721
0.01588517,62.951797,203,1,13.775606
0.016158797,61.885796,203,1,13.791765
0.015581159,64.18008,203,0,13.807346
0.015954597,62.67786,203,0,13.823301
0.016529221,60.498917,203,0,13.83983
0.01610749,62.08292,203,0,13.855938
0.016245063,61.55716,203,0,13.872183
0.017931335,55.768295,203,1,13.890114
0.015840244,63.130344,203,0,13.905954
0.016106004,62.08865,203,0,13.92206
0.015605708,64.07912,203,0,13.937666
0.01590093,62.889404,203,0,13.953567
0.016459627,60.754715,203,0,13.970026
0.016154785,61.90117,203,0,13.986181
0.015472405,64.631195,203,0,14.001654
0.015710786,63.65054,203,0,14.0173645
0.016242806,61.56572,203,0,14.0336075
0.01604295,62.332676,203,0,14.04965
0.015380835,65.015976,203,0,14.065031
0.015813297,63.237923,203,0,14.080844
0.016527051,60.506863,203,0,14.097371
0.016982682,58.883514,203,0,14.114354
0.016442016,60.819794,203,0,14.130796
0.016439598,60.82874,203,0,14.147236
0.016423574,60.88809,203,0,14.163659
0.020987948,47.64639,203,1,14.184647
0.017939739,55.742172,203,1,14.202586
0.034735177,28.78926,203,1,14.237321
0.005053206,197.89417,203,0,14.242374
0.016252639,61.528473,203,0,14.258627
0.016115759,62.051064,202,0,14.274743
0.015367699,65.07155,202,0,14.290111
0.016728517,59.778164,202,0,14.306839
0.016236449,61.589825,202,0,14.323075
0.015749726,63.493168,202,0,14.338825
0.016088856,62.154823,202,0,14.354914
0.01584617,63.10673,202,0,14.37076
0.016132634,61.986156,202,0,14.386892
0.016526222,60.509895,202,0,14.403419
0.016347066,61.17306,202,0,14.419765
0.015674219,63.79903,202,0,14.43544
0.016300362,61.348335,202,0,14.45174
0.016128957,62.000286,202,0,14.467869
0.015907807,62.862213,202,0,14.483777
0.016911712,59.13062,202,0,14.500689
0.016416393,60.91472,202,0,14.517105
0.016283868,61.410473,202,0,14.533389
0.015242641,65.60543,202,0,14.548632
0.016194697,61.748604,202,0,14.564826
0.01625765,61.50951,202,0,14.581083
0.015299546,65.36142,202,0,14.596383
0.016286936,61.398903,202,0,14.61267
0.01636074,61.12193,202,0,14.62903
0.015348939,65.151085,202,0,14.64438
0.016602056,60.233505,202,0,14.660982
0.01650118,60.601727,202,0,14.677484
0.01530777,65.3263,201,1,14.692791
0.015649354,63.9004,202,1,14.708441
0.01911173,52.323883,202,1,14.727552
0.017371641,57.565086,202,1,14.744924
0.018503316,54.04437,202,1,14.763427
0.015699899,63.694683,202,0,14.779127
0.015320741,65.270996,202,0,14.794448
0.016268967,61.466717,202,0,14.810717
0.01576297,63.439827,202,0,14.82648
0.017658344,56.63045,202,2,14.844138
0.027345413,36.569202,202,2,14.871484
0.01947432,51.349674,202,1,14.890958
0.016324246,61.258568,202,0,14.907282
0.015186628,65.847404,202,0,14.922468
0.016636463,60.108932,202,1,14.939105
0.015553362,64.294785,202,0,14.9546585
0.016422434,60.892315,202,1,14.971081
0.01678622,59.572674,202,0,14.987867
0.015834333,63.153908,202,0,15.003702
0.015845263,63.110344,202,0,15.019547
0.015295676,65.37795,202,0,15.034843
0.016634336,60.11662,202,0,15.051477
0.015411595,64.88621,202,0,15.066889
0.015869187,63.015198,202,0,15.082758
0.01606199,62.258785,202,0,15.09882
0.016240653,61.573883,202,0,15.115061
0.015394248,64.95933,202,0,15.130455
0.015795734,63.30823,201,0,15.146251
0.015987458,62.549034,201,0,15.162238
0.033099867,30.211601,201,1,15.195338
0.016254175,61.52265,201,1,15.211593
0.037358966,26.767336,201,2,15.248952
0.015511142,64.46979,201,1,15.264463
0.016683903,59.938015,201,1,15.281147
0.025670944,38.954548,201,1,15.306818
0.015827427,63.18147,201,0,15.322645
0.016183931,61.789684,201,1,15.338829
0.016523259,60.52075,201,0,15.355352
0.015442658,64.75569,201,0,15.370795
0.016363945,61.109962,201,0,15.387159
0.02063608,48.458817,201,1,15.407795
0.01876337,53.29533,201,1,15.4265585
0.016525706,60.511787,201,1,15.443084
0.021964002,45.52904,201,1,15.465048
0.009640219,103.732086,201,1,15.474689
0.01641955,60.903008,201,1,15.491108
0.015610124,64.06099,201,1,15.506718
0.01570683,63.66657,201,0,15.522425
0.015498832,64.52099,201,0,15.537924
0.029380662,34.03599,202,1,15.567305
0.022824358,43.812843,202,1,15.590129
0.016388813,61.01723,202,1,15.606518
0.015092916,66.25625,202,0,15.621611
0.016804615,59.50746,202,0,15.638415
0.016404917,60.957333,200,0,15.65482
0.015743531,63.518147,200,0,15.670564
0.016447557,60.7993,200,0,15.687012
0.015615016,64.040924,200,0,15.702627
0.015791932,63.32347,200,0,15.718419
0.015667696,63.825592,200,0,15.734087
0.016599087,60.244278,200,0,15.750686
0.015680779,63.772343,200,0,15.766366
0.015740976,63.528465,200,0,15.782107
0.015782088,63.362972,200,0,15.79789
0.016102428,62.10244,200,1,15.8139925
0.016386997,61.023994,201,0,15.8303795
0.015332442,65.22118,201,0,15.845712
0.01666012,60.02358,201,1,15.862371
0.016266908,61.4745,202,0,15.878638
0.015658611,63.86262,202,1,15.894297
0.01632759,61.24603,202,0,15.9106245
0.03045633,32.833897,202,1,15.941081
0.03984646,25.09633,202,2,15.980927
0.018460186,54.170635,202,1,15.999388
0.015525989,64.408134,201,1,16.014914
0.029399099,34.01465,201,1,16.044313
0.016906587,59.148544,201,1,16.06122
0.016199315,61.731007,201,0,16.07742
0.016199913,61.728725,201,0,16.093618
0.016235989,61.591568,201,0,16.109854
0.016328886,61.24116,201,0,16.126183
0.016068362,62.2341,201,0,16.14225
0.016189676,61.76776,201,0,16.15844
0.015461821,64.67544,201,0,16.1739
0.015978068,62.585785,201,0,16.189878
0.016287085,61.398342,201,1,16.206165
0.015443522,64.75207,201,0,16.22161
0.015996536,62.513535,200,1,16.237606
0.016681774,59.945663,200,1,16.254288
0.02217354,45.098797,200,1,16.27646
0.016824171,59.438293,200,0,16.293285
0.034422457,29.050802,200,1,16.327707
0.007857881,127.26077,200,1,16.335566
0.017873947,55.947353,200,1,16.35344
0.016768334,59.636215,200,1,16.370207
0.04789996,20.876842,200,1,16.418106
0.015638756,63.943707,200,0,16.433744
0.016191736,61.759903,200,1,16.449936
0.016145598,61.936382,200,2,16.466082
0.016028617,62.38842,201,0,16.482111
0.016110519,62.071247,201,0,16.498222
0.016797988,59.53094,201,0,16.51502
0.016680265,59.951084,201,0,16.5317
0.01603716,62.355175,201,1,16.547737
0.015890429,62.93096,201,0,16.563627
0.016040433,62.342453,201,0,16.579668
0.016456868,60.764904,201,0,16.596125
0.016129563,61.99796,201,0,16.612255
0.016396139,60.98997,201,0,16.62865
0.016449211,60.79319,201,1,16.6451
0.01637358,61.073997,201,0,16.661472
0.018353265,54.48622,200,2,16.679825
0.018613718,53.72382,200,1,16.698439
0.016096292,62.12611,200,0,16.714535
0.015794514,63.31312,200,0,16.73033
0.016196648,61.74117,200,0,16.746527
0.01625639,61.514267,200,0,16.762783
0.01524957,65.57562,200,1,16.778032
0.016460244,60.752445,200,0,16.794493
0.015918002,62.82196,199,0,16.810411
0.016271807,61.45599,199,0,16.826683
0.015345405,65.166084,199,0,16.842028
0.02434154,41.082035,199,2,16.86637
0.015432114,64.799934,199,2,16.881802
0.016771113,59.626335,198,1,16.898573
0.016467154,60.726948,198,0,16.915041
0.015635038,63.95891,198,0,16.930676
0.015874904,62.992508,198,0,16.94655
0.015911575,62.847324,198,1,16.962461
0.016343685,61.185715,199,0,16.978806
0.049789324,20.084627,199,2,17.028595
0.019850444,50.376705,199,3,17.048445
0.055270106,18.092964,199,2,17.103714
0.036876973,27.117193,199,2,17.14059
0.007894429,126.67161,199,1,17.148485
0.016360367,61.12332,200,0,17.164846
0.01574764,63.50158,200,1,17.180593
0.016359668,61.125935,201,0,17.196953
0.01599577,62.51653,201,0,17.212948
0.015756441,63.46611,201,0,17.228704
0.016268838,61.467205,201,0,17.244974
0.027956307,35.770103,201,1,17.27293
0.028446363,35.153877,201,1,17.301376
0.05117314,19.541502,201,1,17.352549
0.015588065,64.15164,201,0,17.368137
0.01567213,63.807533,201,0,17.38381
0.015949504,62.697872,201,1,17.39976
0.016527034,60.506924,201,0,17.416286
0.015132267,66.083954,201,1,17.43142
0.01661162,60.198826,201,0,17.44803
0.01583143,63.165493,201,0,17.463861
0.016298376,61.355804,201,0,17.48016
0.016081616,62.1828,201,0,17.49624
0.016045017,62.324642,201,1,17.512285
0.01654965,60.42424,201,1,17.528835
0.016418954,60.905216,201,0,17.545254
0.01654266,60.44977,201,0,17.561796
0.016777826,59.602478,201,1,17.578573
0.019672336,50.832806,201,2,17.598246
0.023498174,42.5565,201,2,17.621744
0.016627494,60.14135,201,0,17.638372
0.015528524,64.39762,201,0,17.6539
0.015634539,63.960957,201,0,17.669535
0.016327398,61.24675,201,0,17.685862
0.015915845,62.830467,201,0,17.701777
0.016163008,61.86967,201,1,17.71794
0.015837325,63.141975,200,2,17.733776
0.01583985,63.131912,201,0,17.749617
0.016178517,61.810368,201,0,17.765795
0.016619219,60.1713,201,0,17.782413
0.016279811,61.425774,201,0,17.798693
0.016196566,61.741486,201,1,17.81489
0.017375853,57.551136,201,1,17.832266
0.014362379,69.62635,201,1,17.846628
0.016339414,61.201706,201,1,17.862968
0.016319007,61.27824,202,0,17.879288
0.016376618,61.062668,202,0,17.895664
0.016401542,60.969875,202,0,17.912066
0.016099157,62.11506,202,0,17.928165
0.016217953,61.660065,202,0,17.944384
0.016238738,61.581142,202,0,17.960623
0.01628402,61.409893,202,0,17.976908
0.016189538,61.768288,201,0,17.993097
0.015974253,62.60073,201,0,18.009071
0.01643242,60.85531,201,0,18.025503
0.023669094,42.249187,201,2,18.049171
0.016724873,59.791187,201,2,18.065897
0.004848789,206.23706,201,0,18.070745
0.01622294,61.64111,201,0,18.086967
0.015385022,64.99828,201,0,18.102352
0.016254393,61.52183,201,0,18.118607
0.015440333,64.76544,201,0,18.134047
0.021719432,46.04172,201,1,18.155766
0.015973799,62.602516,201,1,18.17174
0.016193861,61.751797,201,1,18.187933
0.02503194,39.94896,201,2,18.212965
0.015155624,65.98211,201,1,18.22812
0.016574806,60.332535,200,2,18.244696
0.013857219,72.16455,200,1,18.258553
0.015790882,63.327686,200,0,18.274343
0.01679894,59.52757,200,0,18.291142
0.016340727,61.19679,200,0,18.307482
0.01602631,62.397392,200,1,18.323507
0.015676817,63.78846,201,0,18.339184
0.01596865,62.622696,201,0,18.355152
0.016247777,61.54688,201,1,18.3714
0.016040182,62.343437,201,0,18.387442
0.016048107,62.312645,201,0,18.40349
0.015630703,63.976646,201,1,18.41912
0.01602457,62.40417,201,1,18.435144
0.016290579,61.385174,201,1,18.451435
0.019099047,52.358635,201,1,18.470533
0.016149873,61.91999,201,1,18.486683
0.016067322,62.23812,202,0,18.50275
0.01644547,60.807022,202,0,18.519196
0.0153079145,65.32568,202,0,18.534504
0.016188791,61.771133,202,0,18.550694
0.016289094,61.390766,202,0,18.566982
0.015256905,65.54409,201,0,18.58224
0.015934383,62.757366,201,1,18.598173
0.016257428,61.51035,201,1,18.614431
0.015360093,65.103775,201,0,18.629791
0.016441453,60.821877,201,0,18.646233
0.016058994,62.270397,201,1,18.662292
0.0157861,63.346867,201,0,18.678078
0.015550891,64.305,201,0,18.693628
0.016293636,61.373657,201,0,18.709923
0.015489987,64.55783,201,0,18.725412
0.016405545,60.955,201,0,18.741817
0.016332554,61.22741,201,1,18.75815
0.016055899,62.282406,201,0,18.774206
0.016601397,60.235897,201,1,18.790808
0.015271459,65.48163,201,0,18.80608
0.01674836,59.70734,201,1,18.822828
0.016414288,60.92253,201,0,18.839243
0.016292982,61.37612,201,0,18.855536
0.015164903,65.941734,201,0,18.8707
0.016212087,61.682373,201,0,18.886913
0.015922038,62.80603,201,0,18.902836
0.01608981,62.15114,201,0,18.918926
0.016292214,61.379013,201,0,18.935219
0.016355025,61.143288,201,1,18.951574
0.019270182,51.89365,201,1,18.970844
0.019231541,51.997913,201,2,18.990076
0.01601081,62.457806,202,0,19.006086
0.016021926,62.41447,202,0,19.022108
0.017922541,55.79566,202,0,19.040031
0.018858135,53.02751,202,0,19.05889
0.01612583,62.012314,202,0,19.075016
0.033911772,29.488285,202,1,19.108929
0.020159123,49.60533,202,0,19.129087
0.015744692,63.51347,202,0,19.144833
0.016330384,61.23555,202,0,19.161163
0.015315153,65.29481,202,0,19.17648
0.021109587,47.37184,202,1,19.19759
0.023871502,41.890953,202,2,19.221462
0.017726475,56.412792,202,1,19.23919
0.055022825,18.174276,202,2,19.294212
0.006706953,149.099,202,1,19.300919
0.015653582,63.883137,202,0,19.316572
0.015969008,62.621296,202,0,19.33254
0.016371442,61.081974,202,0,19.348911
0.02802787,35.678772,202,1,19.37694
0.010931741,91.47674,202,2,19.38787
0.016386036,61.027573,203,1,19.404257
0.02510586,39.831337,203,1,19.429363
0.02882678,34.689964,203,1,19.45819
0.01578246,63.361473,203,0,19.473974
0.016037308,62.35461,203,0,19.490011
0.015892565,62.922504,202,1,19.505903
0.015421399,64.84496,202,0,19.521324
0.016209973,61.69042,202,0,19.537535
0.016305415,61.32932,202,0,19.55384
0.015401685,64.92796,202,0,19.569242
0.015954923,62.67658,202,1,19.585197
0.015844135,63.11484,202,0,19.601042
0.016360577,61.122536,202,0,19.617403
0.016337773,61.207855,201,0,19.633741
0.016190924,61.762997,201,0,19.649933
0.016528903,60.500084,201,0,19.666462
0.027161608,36.816673,201,1,19.693624
0.01635815,61.131607,201,0,19.709982
0.015701156,63.68958,201,0,19.725683
0.016338265,61.20601,201,0,19.742022
0.015388293,64.98447,201,0,19.75741
0.01589048,62.93076,201,1,19.7733
0.016145583,61.93644,201,0,19.789446
0.016603716,60.22748,201,0,19.80605
0.016281912,61.417847,201,0,19.82233
0.016326085,61.251675,201,0,19.838657
0.015392378,64.96722,201,0,19.85405
0.01630684,61.32396,201,0,19.870356
0.016285844,61.403015,201,0,19.88664
0.016056025,62.281914,201,1,19.902697
0.016729752,59.77375,201,0,19.919426
0.015158467,65.969734,201,1,19.934584
0.018268151,54.740078,201,1,19.952852
0.01638269,61.040035,201,0,19.969234
0.015330469,65.229576,201,0,19.984566
0.016416095,60.915825,200,1,20.000982
0.015443052,64.754036,200,0,20.016426
0.025482984,39.24187,200,1,20.041908
0.015745899,63.508602,200,0,20.057653
0.015803294,63.277943,200,0,20.073456
0.016264433,61.483852,200,0,20.08972
0.015456412,64.69807,200,0,20.105177
0.016510349,60.568077,200,1,20.121687
0.015247372,65.585075,200,0,20.136934
0.016126378,62.01021,200,0,20.15306
0.016204445,61.711468,200,0,20.169266
0.016194778,61.7483,200,1,20.185461
0.016026912,62.39505,200,0,20.201488
0.016233431,61.60127,200,0,20.217722
0.01641809,60.90842,200,0,20.23414
0.016130537,61.99422,200,1,20.25027
0.016809534,59.490047,201,1,20.26708
0.015835095,63.150867,201,0,20.282915
0.015864354,63.0344,201,1,20.298779
0.016066976,62.239468,202,0,20.314846
0.022189647,45.066063,202,1,20.337036
0.018546602,53.918236,201,1,20.355583
0.01532915,65.23519,201,0,20.370913
0.018118164,55.193233,201,2,20.38903
0.015740817,63.5291,201,0,20.404772
0.015993783,62.524292,201,0,20.420765
0.01876948,53.277977,201,1,20.439535
0.01708026,58.547115,201,1,20.456615
0.013404767,74.60033,201,0,20.47002
0.015223522,65.68782,201,0,20.485245
0.017670471,56.591587,201,1,20.502914
0.016573032,60.338985,201,0,20.519487
0.016246429,61.55199,201,0,20.535734
0.016085984,62.16592,201,0,20.55182
0.016239967,61.57648,201,0,20.56806
0.015983393,62.564938,201,0,20.584044
0.015647758,63.906918,201,0,20.599691
0.033271994,30.055307,200,1,20.632963
0.019462368,51.38121,200,1,20.652426
0.03127769,31.971672,200,1,20.683704
0.01642321,60.88943,200,0,20.700127
0.016269991,61.46285,200,0,20.716396
0.016258966,61.504524,200,0,20.732655
0.01627076,61.45994,200,0,20.748926
0.016198346,61.7347,199,0,20.765125
0.016235862,61.592052,199,0,20.78136
0.016239513,61.578205,199,0,20.7976
0.015237187,65.628914,199,0,20.812838
0.016364407,61.108234,198,0,20.829203
0.016311262,61.307335,198,0,20.845514
0.016475549,60.696003,198,0,20.86199
0.019079927,52.411102,198,1,20.88107
0.01599996,62.50016,198,0,20.89707
0.016533146,60.48456,197,0,20.913603
0.015711412,63.648006,195,0,20.929314
0.01552788,64.40029,195,0,20.944841
0.016389878,61.013268,195,0,20.961231
0.016218904,61.656445,195,0,20.97745
0.016260713,61.497913,195,0,20.99371
0.016245294,61.55629,195,0,21.009954
0.016362198,61.11648,195,0,21.026318
0.016328236,61.2436,195,0,21.042646
0.034106977,29.319513,195,1,21.076754
0.036331616,27.524237,195,2,21.113085
0.013112224,76.26471,195,2,21.126198
0.06412526,15.594479,195,1,21.190323
0.016264943,61.481926,195,0,21.206589
0.015235523,65.63608,195,0,21.221825
0.016130839,61.993057,195,0,21.237955
0.03411342,29.31398,195,2,21.272068
0.024620732,40.616177,195,2,21.296688
0.016495638,60.622086,195,0,21.313183
0.015740206,63.53157,195,0,21.328922
0.032986674,30.31527,194,2,21.36191
0.024816044,40.296513,195,2,21.386726
0.016253341,61.52581,195,1,21.402979
0.017343152,57.659645,195,1,21.420322
0.022904633,43.65929,195,1,21.443228
0.026329594,37.98008,195,1,21.469557
0.01640519,60.95632,195,0,21.485962
0.016054505,62.287807,195,0,21.502016
0.016056309,62.28082,195,0,21.518072
0.01638667,61.025215,195,0,21.534458
0.01634061,61.19723,195,0,21.550798
0.016223392,61.63939,195,0,21.567022
0.016124817,62.01621,195,0,21.583147
0.01617064,61.840473,195,0,21.599318
0.016099822,62.11249,196,1,21.615417
0.016358016,61.132107,197,1,21.631775
0.026867518,37.219666,197,1,21.658642
0.015763002,63.439697,197,2,21.674404
0.016835077,59.399788,198,0,21.691238
0.018628703,53.680603,198,1,21.709867
0.01582957,63.17291,199,0,21.725697
0.015716814,63.62613,199,0,21.741413
0.015543344,64.33622,199,2,21.756956
0.015916297,62.828682,200,0,21.772873
0.015773436,63.397728,200,0,21.788647
0.016382592,61.0404,200,0,21.805029
0.016150156,61.918907,200,0,21.821178
0.015318803,65.27925,200,0,21.836496
0.025033837,39.945934,200,1,21.86153
0.015759367,63.454323,200,1,21.877289
0.016660582,60.021908,200,1,21.89395
0.015922025,62.806084,201,0,21.909872
0.017917307,55.81196,201,0,21.92779
0.017900476,55.864437,201,0,21.94569
0.025786342,38.78022,201,1,21.971476
0.021677595,46.130577,201,1,21.993153
0.015355258,65.124275,201,2,22.008509
0.024316767,41.123886,201,1,22.032825
0.016184146,61.788868,201,1,22.04901
0.0157287,63.57804,201,1,22.064737
0.01568805,63.742786,201,1,22.080425
0.01664818,60.066624,202,0,22.097073
0.061673608,16.214392,202,2,22.158747
0.018338138,54.531162,202,1,22.177084
0.01739556,57.48593,202,1,22.194479
0.022379568,44.683617,202,2,22.216858
0.03179731,31.449202,202,2,22.248655
0.022157263,45.131927,202,1,22.270813
0.015113678,66.16523,202,0,22.285927
0.016133137,61.984226,202,0,22.30206
0.021525672,46.456158,201,1,22.323586
0.044161536,22.64414,201,3,22.367746
0.009914559,100.86177,200,1,22.37766
0.0524791,19.055204,200,1,22.43014
0.016278762,61.429733,200,0,22.446419
0.01611689,62.046715,200,0,22.462536
0.016536752,60.471367,200,0,22.479073
0.01544659,64.739204,200,0,22.494518
0.01573524,63.551617,200,0,22.510254
0.015792888,63.319645,200,1,22.526047
0.016271537,61.45701,200,1,22.542318
0.015984884,62.5591,200,0,22.558304
0.015567487,64.23644,200,0,22.573872
0.015884215,62.95558,200,0,22.589756
0.016711488,59.839077,200,0,22.606468
0.016789868,59.55973,200,0,22.623259
0.015643846,63.9229,200,0,22.638903
0.02052514,48.720737,200,1,22.659428
0.017139269,58.345547,200,1,22.676567
0.057201136,17.48217,200,2,22.733768
0.015291531,65.395676,201,1,22.74906
0.01635109,61.158,201,0,22.765411
0.016206183,61.704845,201,0,22.781618
0.015237385,65.62806,201,0,22.796856
0.016585628,60.293163,201,1,22.813442
0.015287991,65.41082,201,0,22.82873
0.016755003,59.683666,201,1,22.845484
0.015523209,64.41967,201,0,22.861008
0.015560179,64.26661,201,0,22.876568
0.016684894,59.934456,201,0,22.893253
0.015922073,62.805893,201,0,22.909176
0.015312497,65.30614,201,0,22.924488
0.01645353,60.77723,201,0,22.94094
0.015325002,65.252846,201,0,22.956266
0.01605998,62.266582,201,0,22.972326
0.016325321,61.25454,201,0,22.988651
0.01560628,64.07677,201,0,23.004257
0.015956692,62.669632,201,1,23.020214
0.015731018,63.568676,201,0,23.035946
0.016044345,62.32726,201,0,23.05199
0.015957817,62.66521,201,0,23.067947
0.016213575,61.67671,201,1,23.084162
0.015393152,64.96395,202,0,23.099554
0.015944134,62.718987,202,0,23.115498
0.022493262,44.45776,202,1,23.13799
0.015093434,66.253975,202,1,23.153084
0.016557511,60.395554,202,1,23.169641
0.016561184,60.382153,202,2,23.186203
0.004459117,224.25964,202,0,23.190662
0.015801908,63.283493,202,0,23.206465
0.0157217,63.606354,202,1,23.222187
0.016609987,60.20474,202,1,23.238796
0.01625581,61.516464,203,0,23.255053
0.01601148,62.45519,203,0,23.271065
0.01592183,62.806854,202,0,23.286987
0.016247516,61.547867,202,0,23.303234
0.03171075,31.535046,202,1,23.334946
0.020002658,49.99336,202,2,23.354948
0.029980607,33.354897,202,2,23.384928
0.016315162,61.29268,202,1,23.401243
0.015434017,64.79195,202,1,23.416677
0.016508345,60.575424,202,0,23.433186
0.016132053,61.98839,202,0,23.449318
0.016207252,61.70078,202,0,23.465525
0.01634639,61.175587,202,0,23.48187
0.015299162,65.36306,202,0,23.49717
0.016449803,60.790997,202,0,23.513618
0.015508999,64.47869,202,0,23.529127
0.016719788,59.809372,202,0,23.545847
0.016133005,61.984737,202,1,23.56198
0.017256046,57.950706,202,1,23.579235
0.015496549,64.530495,202,0,23.594732
0.026691612,37.464954,202,1,23.621424
0.015280255,65.44393,202,1,23.636703
0.015845446,63.10962,202,0,23.65255
0.016586421,60.290283,202,0,23.669136
0.01562499,64.00004,202,0,23.684761
0.016245449,61.555702,202,0,23.701006
0.027622325,36.2026,201,1,23.728628
0.015513017,64.46199,201,1,23.74414
0.029060261,34.41125,201,1,23.773201
0.032985087,30.31673,200,1,23.806187
0.01650174,60.599674,200,1,23.82269
0.016671505,59.98259,200,0,23.839361
0.016074963,62.20854,200,0,23.855436
0.0159528,62.68492,200,0,23.87139
0.01643527,60.84476,200,1,23.887825
0.015491542,64.55135,200,1,23.903316
0.015993198,62.52658,201,0,23.91931
0.016859675,59.313126,201,0,23.936169
0.022309445,44.824066,201,1,23.958479
0.020173172,49.570786,201,1,23.978653
0.016091414,62.144947,201,0,23.994745
0.015859302,63.054478,201,0,24.010605
0.015702598,63.683735,201,1,24.026308
0.016164426,61.864246,201,0,24.042473
0.015736394,63.546963,201,0,24.058208
0.01531495,65.29568,201,0,24.073523
0.01631279,61.301594,201,1,24.089836
0.015709328,63.65645,202,0,24.105545
0.019873269,50.31885,202,1,24.125418
0.016035637,62.361103,202,1,24.141453
0.016386095,61.027348,202,1,24.157839
0.015344101,65.17162,202,0,24.173183
0.016673991,59.973644,202,0,24.189857
0.01603407,62.367195,202,0,24.20589
0.016507532,60.578407,202,0,24.222399
0.016223993,61.637104,202,1,24.238623
0.021828847,45.81094,202,1,24.260452
0.015257184,65.54289,202,1,24.27571
0.023379877,42.771824,202,1,24.29909
0.034462906,29.016705,202,1,24.333551
0.01575193,63.484283,202,0,24.349304
0.016095253,62.13012,202,1,24.3654
0.015854588,63.073227,203,0,24.381254
0.016204514,61.7112,202,0,24.397459
0.016176764,61.817062,202,1,24.413635
0.021349968,46.838478,202,1,24.434986
0.020769613,48.147263,202,1,24.455755
0.025683943,38.93483,202,1,24.48144
0.029349966,34.07159,202,1,24.51079
0.015316843,65.287605,202,1,24.526106
0.016542971,60.448635,202,0,24.542648
0.016000956,62.49626,202,0,24.55865
0.015876478,62.986267,202,0,24.574526
0.01597247,62.60772,202,0,24.590498
0.016002027,62.49208,202,0,24.6065
0.01624092,61.57287,202,0,24.622742
0.026122889,38.280605,202,1,24.648865
0.01812963,55.158325,202,2,24.666994
0.01591817,62.821297,203,0,24.682913
0.015545026,64.32926,203,0,24.698458
0.015765699,63.42884,203,0,24.714224
0.0161202,62.033974,203,0,24.730345
0.016230728,61.61153,203,0,24.746576
0.016119163,62.037956,203,1,24.762695
0.018568363,53.855045,203,2,24.781263
0.01697484,58.910717,203,1,24.798239
0.043233056,23.13045,203,2,24.841473
0.022564119,44.31815,203,1,24.864037
0.015299314,65.36241,203,1,24.879335
0.016526373,60.509346,204,0,24.895863
0.015924096,62.797913,204,0,24.911787
0.019559009,51.127335,204,1,24.931347
0.017113706,58.432697,204,1,24.948462
0.016236074,61.59124,204,0,24.964697
0.016417248,60.911545,204,0,24.981113
0.016385205,61.030663,204,0,24.9975
0.016751792,59.695107,204,0,25.014252
0.015731785,63.56558,204,0,25.029984
0.025539098,39.155647,204,1,25.055523
0.019287216,51.847816,204,1,25.07481
0.015313153,65.30334,204,0,25.090124
0.016500775,60.603214,203,0,25.106625
0.033664558,29.70483,203,1,25.14029
0.039222915,25.495302,203,2,25.179512
0.02561205,39.04412,203,1,25.205124
0.038204577,26.174875,203,2,25.243328
0.018227827,54.861176,203,2,25.261557
0.018828223,53.11176,203,1,25.280384
0.01726993,57.904118,203,0,25.297653
0.016016703,62.434822,203,0,25.31367
0.016625945,60.14696,203,0,25.330296
0.016115448,62.05226,203,0,25.34641
0.015500148,64.51551,202,0,25.361912
0.03230416,30.955767,202,1,25.394217
0.024285968,41.17604,202,1,25.418503
0.022522988,44.399082,202,1,25.441027
0.020087618,49.781906,202,1,25.461115
0.02020063,49.503403,202,1,25.481316
0.015582985,64.172554,202,1,25.496899
0.015684715,63.75634,202,0,25.512583
0.016362501,61.11535,202,0,25.528946
0.016176011,61.81994,202,0,25.545122
0.015208011,65.75482,202,0,25.56033
0.01604911,62.30875,202,0,25.576378
0.018894872,52.92441,202,1,25.595272
0.024256185,41.2266,203,1,25.619528
0.017651515,56.652363,203,1,25.637178
0.014104787,70.89792,203,0,25.651283
0.033243656,30.080929,202,1,25.684526
0.01600424,62.48344,202,1,25.700531
0.017716035,56.446037,202,1,25.718246
0.018009057,55.527615,202,1,25.736256
0.033509143,29.842602,202,1,25.769764
0.032525953,30.74468,202,2,25.80229
0.055689268,17.956781,202,2,25.857979
0.004481822,223.12354,202,0,25.862461
0.01598062,62.575794,202,0,25.87844
0.016067117,62.238914,202,0,25.894508
0.016953783,58.983887,202,0,25.911463
0.016665589,60.00388,202,1,25.92813
0.016126318,62.010437,202,0,25.944256
0.015310718,65.31372,202,1,25.959566
0.016436666,60.839584,202,0,25.976004
0.015373106,65.04866,201,0,25.991377
0.01621594,61.66772,201,0,26.007593
0.016276602,61.437885,201,0,26.02387
0.015253937,65.55685,201,0,26.039124
0.016390646,61.01041,201,0,26.055513
0.016027732,62.39186,201,1,26.07154
0.015352415,65.13633,201,0,26.086893
0.016370408,61.085827,201,0,26.103264
0.017960895,55.676517,201,1,26.121225
0.016035309,62.362377,201,0,26.13726
0.015845546,63.10922,201,0,26.153107
0.015343116,65.17581,200,0,26.16845
0.01645007,60.79002,200,0,26.1849
0.01602649,62.396694,200,1,26.200926
0.015167996,65.92828,200,0,26.216093
0.01646549,60.733086,200,0,26.23256
0.016248075,61.54575,200,0,26.248808
0.016623316,60.156467,200,1,26.26543
0.015614456,64.04322,201,0,26.281044
0.016431756,60.85777,201,0,26.297476
0.016015897,62.43797,201,1,26.313492
0.032894876,30.39987,201,1,26.346386
0.03187622,31.371347,201,1,26.378262
0.012546118,79.70593,201,0,26.390808
0.015788155,63.338627,201,0,26.406597
0.016363187,61.11279,201,1,26.42296
0.016067717,62.23659,202,0,26.439028
0.015839433,63.13357,202,1,26.454866
0.021258976,47.03895,202,1,26.476126
0.017325351,57.718887,202,1,26.49345
0.015970241,62.61646,202,1,26.50942
0.056566183,17.678408,202,1,26.565987
0.009712523,102.95986,202,1,26.575699
0.015334804,65.211136,202,0,26.591034
0.01619011,61.7661,202,0,26.607224
0.016250879,61.535137,202,0,26.623474
0.015259115,65.5346,202,0,26.638733
0.016653994,60.04566,202,0,26.655386
0.01548627,64.573326,202,0,26.670872
0.01650403,60.59126,202,0,26.687376
0.0164309,60.86094,202,0,26.703808
0.020585477,48.577938,202,1,26.724394
0.043218005,23.138504,202,2,26.767612
0.026286282,38.04266,201,1,26.7939
0.019321961,51.754578,201,1,26.813221
0.03497721,28.590044,202,2,26.848198
0.013437632,74.41788,202,0,26.861635
0.015455256,64.7029,202,0,26.87709
0.015831469,63.165337,202,0,26.892921
0.015968869,62.621845,202,0,26.90889
0.016000755,62.497047,202,0,26.92489
0.016238624,61.581573,202,0,26.94113
0.024424225,40.942955,202,1,26.965553
0.016341401,61.19426,202,2,26.981895
0.016318936,61.278507,202,1,26.998215
0.015576172,64.20063,202,0,27.01379
0.016241316,61.57137,202,0,27.030031
0.016196257,61.74266,202,0,27.046228
0.016166922,61.8547,202,0,27.062395
0.024163485,41.384758,202,1,27.08656
0.015783602,63.35689,202,0,27.102343
0.016392238,61.004482,202,0,27.118734
0.015546628,64.32263,201,0,27.134281
0.01606656,62.241077,201,1,27.150349
0.015767992,63.41962,201,0,27.166117
0.016386671,61.025208,201,0,27.182503
0.015411733,64.88563,201,0,27.197914
0.016490877,60.63959,201,0,27.214405
0.016435603,60.84353,201,0,27.23084
0.015632395,63.969723,201,0,27.246473
0.01589023,62.93175,201,0,27.262363
0.015866984,63.023952,201,0,27.27823
0.01599718,62.511013,201,0,27.294228
0.016194336,61.749985,201,0,27.310421
0.015973983,62.601795,201,0,27.326395
0.015452176,64.715805,201,0,27.341846
0.016403882,60.96118,201,0,27.35825
0.015769346,63.41417,201,0,27.37402
0.0159216,62.807755,201,0,27.389942
0.01638052,61.04812,201,0,27.406322
0.015301404,65.35348,201,0,27.421623
0.016542083,60.451878,201,0,27.438166
0.016909953,59.136765,201,0,27.455076
0.016765872,59.644974,201,1,27.471842
0.015757445,63.462067,201,0,27.487598
0.015305235,65.33712,201,0,27.502903
0.01649255,60.633442,201,0,27.519396
0.015994115,62.522995,201,0,27.53539
0.016042594,62.334064,201,0,27.551434
0.016368374,61.093422,201,0,27.567802
0.01603136,62.377735,201,0,27.583834
0.016270941,61.459255,201,0,27.600105
0.015179334,65.87904,201,0,27.615284
0.016290719,61.384647,201,0,27.631575
0.016182445,61.79536,201,0,27.647757
0.015563729,64.25195,201,0,27.66332
0.015744098,63.51587,201,1,27.679064
0.015973637,62.60315,201,0,27.695038
0.01565239,63.888004,201,0,27.71069
0.015953936,62.68046,201,0,27.726643
0.01639071,61.01017,201,0,27.743032
0.015112115,66.17207,201,0,27.758144
0.017129678,58.378212,201,0,27.775274
0.016820917,59.44979,201,0,27.792095
0.016409116,60.941734,201,0,27.808504
0.018812614,53.155827,201,0,27.827316
0.015685892,63.751556,201,0,27.843002
0.015477532,64.60979,201,0,27.85848
0.016759036,59.669304,201,0,27.87524
0.016024396,62.40485,201,0,27.891264
0.016625443,60.148773,201,0,27.90789
0.015130348,66.09233,201,0,27.923021
0.016020492,62.420055,201,0,27.939041
0.016246205,61.552837,201,0,27.955288
0.015459382,64.68564,201,0,27.970747
0.016232941,61.60313,201,0,27.98698
0.015749414,63.49443,201,0,28.00273
0.015376976,65.032295,201,0,28.018106
0.016058547,62.272133,201,0,28.034164
0.016086018,62.165794,201,0,28.050251
0.016227746,61.622852,201,0,28.066479
0.015058403,66.408104,201,0,28.081537
0.016077038,62.200512,201,0,28.097614
0.016033113,62.37092,201,0,28.113647
0.016531171,60.491783,201,0,28.130178
0.016933842,59.053345,201,0,28.147112
0.016343875,61.185,201,0,28.163456
0.01565593,63.873566,201,0,28.179111
0.0157634,63.43809,201,0,28.194876
0.015792236,63.322254,201,0,28.210669
0.017706363,56.47687,201,1,28.228374
0.016319858,61.275047,201,1,28.244694
0.01579786,63.299713,201,0,28.260492
0.014786627,67.62868,201,0,28.275278
0.032448575,30.817995,201,1,28.307726
0.016267857,61.470913,201,1,28.323994
0.05779599,17.302238,201,2,28.38179
0.028583962,34.984653,201,2,28.410374
0.015270703,65.48487,201,0,28.425644
0.032946482,30.352255,201,1,28.45859
0.025085406,39.863815,200,2,28.483675
0.02425387,41.230534,200,1,28.507929
0.018616952,53.714485,200,1,28.526546
0.016729595,59.77431,200,1,28.543276
0.015322615,65.26301,200,0,28.558598
0.016423373,60.888836,200,0,28.575022
0.01680332,59.51205,200,0,28.591825
0.014972881,66.787415,200,0,28.606798
0.016487803,60.650894,199,0,28.623285
0.015689677,63.736176,199,0,28.638975
0.028297119,35.339287,199,1,28.667273
0.024337368,41.089077,199,1,28.69161
0.056642868,17.654474,199,3,28.748253
0.016690588,59.91401,200,1,28.764944
0.060894758,16.421776,200,2,28.825838
0.016307862,61.320118,200,0,28.842146
0.016006432,62.47488,200,1,28.858152
0.015621998,64.0123,201,0,28.873774
0.01643702,60.838276,201,0,28.890211
0.015773786,63.39632,201,0,28.905985
0.015674273,63.798817,201,0,28.92166
0.015360348,65.10269,201,0,28.93702
0.01619382,61.751953,201,0,28.953213
0.016130276,61.99522,201,0,28.969343
0.0219135,45.63397,200,1,28.991257
0.016047278,62.31586,200,0,29.007303
0.015498495,64.52239,200,0,29.022802
0.016078139,62.196255,200,1,29.038881
0.015486588,64.57201,200,0,29.054367
0.016371235,61.08275,200,1,29.070738
0.015621912,64.01265,201,0,29.086359
0.015953543,62.682,201,0,29.102312
0.016012143,62.452602,201,0,29.118324
0.015591361,64.138084,201,0,29.133915
0.016251706,61.532005,201,0,29.150167
0.031869553,31.377913,201,1,29.182037
0.021118728,47.351334,200,1,29.203156
0.024234083,41.2642,201,1,29.22739
0.017501146,57.139114,201,1,29.244892
0.043385036,23.049423,201,1,29.288277
0.018176606,55.01577,200,1,29.306454
0.015631668,63.9727,200,0,29.322084
0.016110146,62.07268,200,1,29.338194
0.015374871,65.0412,200,0,29.353569
0.016482392,60.670803,200,0,29.370052
0.016246608,61.551315,200,1,29.3863
0.016442047,60.81968,200,0,29.40274
0.032318603,30.94193,200,1,29.435059
0.016113877,62.05831,200,1,29.451172
0.021275645,47.0021,200,1,29.472448
0.016303822,61.335308,200,1,29.488752
0.016432287,60.8558,200,0,29.505184
0.016285753,61.403362,200,0,29.52147
0.015463331,64.66912,200,1,29.536932
0.01627515,61.443363,201,0,29.553207
0.015829982,63.17126,201,0,29.569036
0.015845021,63.111305,201,0,29.58488
0.01622362,61.638523,201,0,29.601105
0.031800363,31.446182,201,1,29.632906
0.010820432,92.417755,201,1,29.643726
0.01812479,55.173054,200,1,29.661852
0.016696822,59.891636,200,0,29.678549
0.016398573,60.980915,200,0,29.694948
0.015457231,64.69464,200,0,29.710405
0.02694251,37.116066,200,1,29.737349
0.011773899,84.93363,200,1,29.749123
0.016042987,62.332535,201,0,29.765165
0.016290307,61.386196,201,0,29.781456
0.016048511,62.311073,201,0,29.797504
0.041544024,24.07085,201,2,29.839048
0.024795271,40.33027,201,2,29.863844
0.016006405,62.47499,201,0,29.87985
0.016365679,61.103485,200,1,29.896215
0.015209477,65.74848,200,0,29.911425
0.016466437,60.729595,200,0,29.92789
0.016083531,62.1754,200,0,29.943974
0.015606108,64.07748,200,0,29.95958
0.016181776,61.79791,200,0,29.975761
0.016233526,61.60091,200,0,29.991995
0.016183114,61.792805,199,0,30.008179
0.016061462,62.26083,199,1,30.02424
0.016409397,60.94069,200,0,30.04065
0.015085415,66.28919,200,0,30.055735
0.016758798,59.670155,200,0,30.072493
0.016554756,60.4056,200,0,30.089046
0.015480257,64.59841,200,0,30.104527
0.016275238,61.443035,200,0,30.120802
0.015532695,64.380325,200,0,30.136335
0.015749045,63.495914,200,0,30.152084
0.016813643,59.47551,200,0,30.168898
0.016354114,61.146698,200,0,30.185251
0.015770225,63.410637,200,0,30.201021
0.015889054,62.936405,199,0,30.21691
0.01603501,62.363544,199,0,30.232944
0.02349478,42.562645,198,2,30.25644
0.052248295,19.13938,199,3,30.308687
0.016587462,60.2865,200,1,30.325275
0.01559,64.143684,200,1,30.340866
0.016519878,60.533134,200,1,30.357386
0.04869058,20.537853,200,2,30.406076
0.02159275,46.311844,200,1,30.42767
0.042318616,23.630262,200,1,30.469988
0.015351692,65.1394,200,0,30.48534
0.01654733,60.432713,200,0,30.501888
0.015509326,64.47733,200,0,30.517397
0.015978409,62.584454,200,0,30.533375
0.01579372,63.316307,200,0,30.549168
0.016862104,59.30458,200,1,30.56603
0.016300231,61.34882,201,0,30.58233
0.015831547,63.16502,201,0,30.598162
0.015570452,64.22421,201,0,30.613731
0.015573062,64.21345,201,0,30.629305
0.016697671,59.88859,201,0,30.646002
0.016689815,59.916786,201,1,30.662691
0.020183763,49.544777,201,1,30.682875
0.016137911,61.96589,201,0,30.699013
0.01642672,60.876427,201,1,30.715439
0.015731037,63.5686,202,0,30.73117
0.015751323,63.486736,202,0,30.746922
0.01621952,61.65411,202,0,30.763142
0.021052053,47.501305,202,1,30.784193
0.006209065,161.05484,202,1,30.790401
0.08170881,12.238583,202,1,30.87211
0.016294608,61.369995,202,0,30.888405
0.019593425,51.037525,202,1,30.907999
0.063785814,15.677467,202,1,30.971785
0.05407937,18.49134,202,1,31.025864
0.036924765,27.082096,202,0,31.062788
0.033757143,29.62336,202,0,31.096544
0.035125762,28.469133,202,0,31.13167
0.033415414,29.926308,202,0,31.165085
0.033491574,29.858255,202,0,31.198576
0.034647632,28.862001,202,0,31.233223
0.03619284,27.629774,202,0,31.269415
0.034661498,28.850456,202,0,31.304077
0.035952453,27.814514,202,0,31.340029
0.03552534,28.148922,202,0,31.375555
0.034939937,28.620543,202,0,31.410496
0.035300326,28.32835,202,0,31.445797
0.03458682,28.912748,202,0,31.480383
0.036589753,27.330055,202,0,31.516973
0.03660402,27.319403,202,0,31.553577
0.037622664,26.579723,202,0,31.5912
0.03381643,29.571423,202,0,31.625017
0.03398807,29.42209,202,0,31.659006
0.033801865,29.584167,202,0,31.692808
0.034932528,28.626616,202,0,31.727741
0.033935074,29.468037,202,0,31.761677
0.034806598,28.730185,202,0,31.796484
0.033932175,29.470554,202,0,31.830416
0.03351981,29.833105,202,0,31.863935
0.03609482,27.70481,202,0,31.90003
0.037041403,26.996819,202,0,31.93707
0.038913213,25.698214,202,0,31.975985
0.033293355,30.036024,202,0,32.009277
0.033309385,30.021568,202,0,32.042587
0.03406681,29.354084,202,0,32.076653
0.035983954,27.790163,202,0,32.112637
0.03402046,29.394075,202,0,32.146656
0.03346006,29.886381,202,0,32.180115
0.034879256,28.670336,202,0,32.214993
0.03449762,28.987509,202,0,32.24949
0.036065526,27.727308,202,0,32.285553
0.03449806,28.987137,202,0,32.32005
0.03531818,28.314028,202,0,32.355366
0.035580516,28.10527,202,0,32.390945
0.03429936,29.155064,202,0,32.425243
0.03367992,29.69128,202,0,32.458923
0.03291467,30.38159,202,0,32.491837
0.032948684,30.350227,202,0,32.524784
0.034743592,28.782286,202,0,32.55953
0.03433799,29.122263,202,0,32.593864
0.035018604,28.556248,202,0,32.628883
0.035398006,28.250177,202,0,32.66428
0.034509465,28.977558,202,0,32.698788
0.033575583,29.783546,202,0,32.732365
0.032333244,30.92792,202,0,32.764698
0.031981573,31.268005,202,0,32.79668
0.03275844,30.526485,202,0,32.829437
0.03349632,29.854025,202,0,32.862934
0.03375691,29.623562,202,0,32.89669
0.034853786,28.691286,202,0,32.931545
0.033650063,29.717625,202,0,32.965195
0.033420555,29.921705,202,0,32.998615
0.033618264,29.745735,202,0,33.032234
0.03455068,28.942987,202,0,33.066784
0.035851967,27.892473,202,0,33.102634
0.034355532,29.107393,202,0,33.13699
0.034197737,29.241701,202,0,33.17119
0.03480502,28.73149,202,0,33.205994
0.035649404,28.05096,202,0,33.241642
0.033500925,29.84992,202,0,33.275143
0.03402036,29.394163,202,0,33.309162
0.033948805,29.456116,202,0,33.34311
0.033148643,30.167149,202,0,33.37626
0.03481307,28.724844,202,0,33.41107
0.03205256,31.198755,202,0,33.443123
0.033813156,29.574286,202,0,33.476936
0.03302868,30.276716,202,0,33.509964
0.032943424,30.355072,202,0,33.542908
0.033571105,29.787521,202,0,33.576477
0.034624014,28.881687,202,0,33.6111
0.032935143,30.362703,202,0,33.644035
0.032816824,30.472176,202,0,33.676853
0.031944655,31.304142,202,0,33.708797
0.032580715,30.693003,202,0,33.74138
0.03418741,29.250534,202,0,33.775566
0.032691192,30.589281,202,0,33.808258
0.03429282,29.160624,202,0,33.842552
0.033521425,29.831667,202,0,33.876072
0.03874678,25.808596,202,0,33.914818
0.033442814,29.901789,202,0,33.94826
0.033561606,29.795952,202,0,33.981823
0.032879766,30.413841,202,0,34.0147
0.03277939,30.506973,202,0,34.04748
0.03292879,30.36856,202,0,34.08041
0.034748934,28.777863,202,0,34.115158
0.033455182,29.890736,202,0,34.148613
0.03552862,28.146324,202,0,34.184143
0.03390478,29.494368,202,0,34.21805
0.034906313,28.648111,202,0,34.252953
0.034989223,28.580229,202,0,34.28794
0.034934282,28.625175,202,0,34.322876
0.034307525,29.148125,202,0,34.357185
0.033932727,29.470076,202,0,34.391117
0.036236554,27.596443,202,0,34.427353
0.03649169,27.4035,202,0,34.463844
0.034291696,29.16158,202,0,34.498135
0.036466267,27.422604,202,0,34.5346
0.03539594,28.25183,202,0,34.569996
0.036593594,27.327187,202,0,34.60659
0.03609734,27.702871,202,0,34.64269
0.034568503,28.928068,202,0,34.677258
0.035209477,28.401445,202,0,34.712467
0.03803362,26.292528,202,0,34.7505
0.037319247,26.795826,202,0,34.78782
0.03552775,28.14701,202,0,34.823345
0.03429854,29.155762,202,0,34.857643
0.033347387,29.987356,202,0,34.89099
0.03454599,28.946918,202,0,34.925537
0.038030077,26.294977,202,0,34.963566
0.037269585,26.831532,202,0,35.000835
0.038997613,25.642595,202,0,35.039833
0.03346317,29.883602,202,0,35.073296
0.03372349,29.652922,202,0,35.107018
0.034257848,29.190392,202,0,35.141273
0.016444353,60.81115,202,0,35.15772
0.016892262,59.198708,202,0,35.17461
0.015308561,65.32293,202,0,35.18992
0.016271377,61.457615,201,0,35.20619
0.027664445,36.14748,201,1,35.233852
0.016128393,62.002457,201,0,35.24998
0.016170451,61.84119,201,1,35.26615
0.016400822,60.972557,200,0,35.28255
0.016306013,61.32707,199,0,35.29886
0.015613771,64.04603,199,0,35.314472
0.016062886,62.255318,199,0,35.330536
0.015464574,64.663925,199,0,35.346
0.016757578,59.674496,199,1,35.36276
0.016560568,60.384407,199,0,35.37932
0.01613292,61.98506,199,0,35.39545
0.015299315,65.362404,199,0,35.41075
0.016287083,61.398354,199,0,35.42704
0.016268924,61.46688,199,0,35.44331
0.016383393,61.03742,199,1,35.459694
0.018891376,52.934208,199,1,35.478584
0.016583527,60.300804,199,0,35.495167
0.016327303,61.247105,199,0,35.511494
0.015748527,63.498,199,1,35.52724
0.016552238,60.414795,200,0,35.543793
0.016244525,61.5592,200,0,35.560036
0.016206494,61.703663,200,0,35.57624
0.0161007,62.109104,200,0,35.592342
0.01583314,63.15867,200,1,35.608177
0.021977903,45.500248,200,1,35.630154
0.01645563,60.769478,200,1,35.64661
0.017036198,58.698547,200,1,35.663647
0.023600768,42.371502,200,2,35.68725
0.017022504,58.745766,200,1,35.70427
0.015485265,64.57752,200,0,35.719753
0.016169457,61.845,200,0,35.735924
0.016233737,61.600113,200,0,35.75216
0.016174328,61.826374,200,0,35.768333
0.016513282,60.557312,200,0,35.784847
0.016216349,61.66616,200,0,35.801064
0.015394292,64.959145,200,0,35.81646
0.018760065,53.30472,200,0,35.83522
0.016536072,60.473854,200,0,35.851757
0.01854905,53.91112,200,1,35.870308
0.026784483,37.33505,200,1,35.89709
0.021857586,45.75071,200,1,35.91895
0.036009476,27.77047,200,1,35.95496
0.03153469,31.71111,200,1,35.986496
0.016092036,62.14254,200,0,36.002586
0.016488822,60.64715,200,0,36.019073
0.01602275,62.411263,200,1,36.035095
0.016376644,61.062572,201,0,36.05147
0.016255794,61.516525,201,0,36.067726
0.015371495,65.05548,201,0,36.0831
0.016642261,60.087986,201,1,36.099743
0.01565135,63.892246,201,0,36.115395
0.016111024,62.069305,201,1,36.131504
0.016672373,59.979465,201,0,36.14818
0.015361616,65.09732,201,0,36.16354
0.01672419,59.793633,201,0,36.180264
0.016536934,60.4707,201,0,36.1968
0.015605678,64.07924,201,0,36.212406
0.016160334,61.879913,201,0,36.228565
0.016314795,61.294056,201,0,36.24488
0.015985755,62.55569,201,0,36.260868
0.016182186,61.796345,201,0,36.27705
0.016669048,59.99143,201,0,36.29372
0.016328812,61.241444,201,1,36.31005
0.016233055,61.6027,201,0,36.326283
0.015720341,63.611847,201,0,36.342003
0.016060762,62.263542,201,0,36.358063
0.015567251,64.23742,201,1,36.37363
0.016031463,62.377342,202,0,36.389664
0.027069718,36.94165,202,1,36.416733
0.015835606,63.14883,202,1,36.432568
0.016355764,61.140522,202,0,36.448925
0.01539583,64.95265,202,0,36.46432
0.016261201,61.49607,202,1,36.480583
0.015869888,63.01242,202,1,36.496452
0.015818825,63.21582,202,0,36.51227
0.015952738,62.685165,202,1,36.528225
0.016134763,61.977974,202,0,36.54436
0.015539526,64.35203,202,0,36.559902
0.016462462,60.744255,202,0,36.576366
0.017000807,58.820736,202,1,36.59337
0.013735917,72.801834,202,1,36.607105
0.016085746,62.166843,201,0,36.62319
0.016295977,61.36484,201,0,36.63949
0.015327119,65.243835,201,0,36.654816
0.016376419,61.06341,200,0,36.671192
0.015462049,64.674484,200,1,36.686653
0.016624246,60.153107,200,0,36.703278
0.021198638,47.172844,200,1,36.724476
0.016315086,61.29297,200,1,36.74079
0.01622464,61.63465,200,0,36.757015
0.015397003,64.94771,200,0,36.77241
0.01634036,61.198162,200,0,36.788754
0.015401163,64.93016,200,0,36.804153
0.016376004,61.06496,200,0,36.82053
0.016247801,61.546787,200,1,36.836777
0.015643958,63.922443,201,0,36.85242
0.015575455,64.20358,201,0,36.867996
0.023683043,42.224304,201,2,36.891678
0.017233701,58.02584,201,1,36.908913
0.016076755,62.201607,201,0,36.924988
0.016451,60.786583,201,0,36.94144
0.016146243,61.933918,201,0,36.95759
0.016158927,61.885292,201,0,36.973747
0.016276095,61.4398,201,0,36.990025
0.015218271,65.71049,199,0,37.00524
0.015867593,63.021534,199,1,37.02111
0.016262587,61.49083,199,0,37.037373
0.016267521,61.472176,199,0,37.05364
0.015341326,65.18341,199,0,37.06898
0.016409708,60.939537,199,0,37.085392
0.015497148,64.528,199,0,37.100887
0.026761226,37.367496,199,1,37.127647
0.016124306,62.01817,199,0,37.143772
0.015908388,62.85992,198,0,37.15968
0.015966017,62.633034,198,0,37.175644
0.01603919,62.347286,198,0,37.191685
0.01590525,62.872322,198,0,37.20759
0.016299034,61.353333,198,0,37.22389
0.02740077,36.495323,198,1,37.25129
0.027816286,35.95016,198,2,37.279106
0.01806022,55.370308,198,2,37.297165
0.017922968,55.79433,198,2,37.315086
0.01900138,52.627758,198,2,37.334087
0.08079129,12.377573,198,1,37.41488
0.016396072,60.99022,198,1,37.431274
0.015346497,65.16145,198,0,37.44662
0.01629971,61.350784,198,0,37.46292
0.015195065,65.810844,198,0,37.478115
0.025200926,39.681084,198,2,37.503315
0.017829752,56.086033,198,2,37.521145
0.013719715,72.88781,198,1,37.534866
0.015857637,63.061104,198,0,37.550724
0.015891964,62.924885,198,0,37.566616
0.016047154,62.31635,198,0,37.582664
0.016766738,59.64189,198,0,37.59943
0.015333003,65.218796,198,0,37.61476
0.01771995,56.433563,198,1,37.63248
0.016172418,61.83367,198,1,37.648655
0.0158156,63.228706,198,0,37.66447
0.01655623,60.400227,198,0,37.681026
0.01548325,64.58592,198,0,37.69651
0.015884168,62.95577,198,1,37.712395
0.016060809,62.263367,198,0,37.728455
0.016201591,61.722332,198,0,37.744656
0.015402877,64.922935,198,0,37.76006
0.019771513,50.57782,198,1,37.77983
0.045841195,21.81444,198,2,37.825672
0.034345187,29.116161,198,2,37.860016
0.018828625,53.110622,198,1,37.878845
0.032851245,30.440245,198,1,37.911697
0.01683422,59.402817,198,0,37.92853
0.016752407,59.692913,198,2,37.945286
0.02057647,48.5992,199,2,37.965862
0.016154585,61.901928,198,2,37.982018
0.00929557,107.578125,198,0,37.991314
0.015754916,63.47225,198,0,38.00707
0.016298652,61.354767,198,1,38.02337
0.015245378,65.59365,199,0,38.038612
0.016680514,59.95019,198,0,38.055294
0.01618818,61.773468,198,0,38.071484
0.01700181,58.817272,198,0,38.088486
0.016072981,62.216213,198,0,38.104557
0.016008448,62.46702,198,0,38.120567
0.015240943,65.61274,198,0,38.135807
0.015269261,65.49105,198,0,38.151077
0.016280549,61.42299,198,0,38.16736
0.015580151,64.18423,198,1,38.182938
0.016514814,60.5517,199,0,38.19945
0.015159798,65.963936,199,1,38.21461
0.024556288,40.722767,199,2,38.239166
0.020686105,48.34163,199,1,38.259853
0.016559215,60.389336,199,1,38.276413
0.021223668,47.11721,199,1,38.297638
0.01769528,56.512245,199,2,38.315334
0.016029878,62.383507,199,1,38.331364
0.016671434,59.98284,200,0,38.348034
0.015597837,64.11145,200,0,38.363632
0.015881585,62.966007,200,0,38.379513
0.016146882,61.931465,200,0,38.39566
0.025196515,39.688026,200,1,38.420856
0.015637139,63.95032,200,1,38.436493
0.018886965,52.94657,200,1,38.45538
0.015462125,64.674164,201,0,38.47084
0.016806757,59.499874,201,0,38.487648
0.017027397,58.72888,201,0,38.504677
0.01631995,61.2747,201,0,38.520996
0.016239125,61.579674,201,0,38.537235
0.015218882,65.70785,201,0,38.552456
0.016271032,61.458916,201,0,38.568726
0.015942894,62.723873,201,1,38.584667
0.046250835,21.621231,201,2,38.630917
0.014560687,68.67808,201,1,38.645477
0.04988412,20.04646,201,1,38.695362
0.016666273,60.00142,201,0,38.71203
0.013459792,74.29536,201,1,38.725487
0.016437145,60.837814,202,1,38.741924
0.016605953,60.219368,202,0,38.75853
0.015812641,63.240543,202,0,38.77434
0.015401795,64.9275,202,2,38.78974
0.015891546,62.926537,202,1,38.805634
0.01636836,61.09348,201,0,38.822002
0.015797243,63.302185,200,0,38.8378
0.01547395,64.62474,200,0,38.85327
0.016362166,61.116604,200,0,38.869633
0.015961207,62.6519,200,0,38.885593
0.03232113,30.939514,200,1,38.917915
0.01681183,59.481922,200,0,38.934727
0.016162362,61.872143,200,0,38.95089
0.018959042,52.74528,200,1,38.96985
0.03219553,31.060211,201,1,39.002045
0.017592402,56.84272,201,1,39.019638
0.016819663,59.454224,201,1,39.036457
0.025476562,39.251762,201,1,39.061935
0.026583582,37.617203,201,1,39.08852
0.015977295,62.588814,201,0,39.104496
0.01631251,61.302643,201,0,39.120808
0.019970825,50.073044,201,1,39.140778
0.017180217,58.20648,201,1,39.15796
0.024300082,41.152126,200,1,39.18226
0.030130534,33.188927,200,1,39.21239
0.015285979,65.419426,200,0,39.227676
0.016450128,60.789803,200,0,39.244125
0.015321023,65.26979,200,0,39.259445
0.01656516,60.367664,200,0,39.27601
0.016426759,60.876286,200,0,39.292435
0.015705355,63.67255,200,0,39.30814
0.015960962,62.652866,200,0,39.3241
0.015812915,63.239452,200,0,39.339912
0.016178476,61.81052,200,0,39.35609
0.016111251,62.068428,200,0,39.3722
0.015899112,62.896595,200,0,39.3881
0.015649782,63.898655,200,0,39.403748
0.016099248,62.114704,200,0,39.419846
0.016114255,62.056854,200,0,39.43596
0.01596271,62.646,200,0,39.451923
0.019105433,52.341137,200,1,39.471027
0.020977525,47.670067,200,2,39.492004
0.02051378,48.74772,199,2,39.51252
0.016863102,59.301067,199,0,39.529385
0.025633367,39.011654,199,2,39.55502
0.010138517,98.63376,200,1,39.56516
0.039188676,25.517576,200,2,39.604347
0.036879424,27.11539,200,1,39.641228
0.015765974,63.427734,200,1,39.656994
0.01634112,61.195316,200,0,39.673336
0.015793566,63.316925,200,0,39.68913
0.015514586,64.455475,200,0,39.704643
0.016325604,61.253475,200,0,39.72097
0.016102692,62.101418,200,0,39.737072
0.015861597,63.045353,200,0,39.752934
0.016287385,61.39721,200,0,39.769222
0.015318529,65.28042,200,0,39.784542
0.019704131,50.75078,200,1,39.804245
0.016793327,59.547462,200,0,39.821037
0.016888378,59.21232,200,0,39.837925
0.016678307,59.958122,200,0,39.854603
0.015570101,64.22566,200,0,39.870174
0.016381506,61.04445,200,0,39.886555
0.015837142,63.142708,200,0,39.902393
0.01567201,63.808025,200,0,39.918064
0.016199488,61.730347,200,0,39.934265
0.015329441,65.23395,199,0,39.949596
0.016512955,60.558517,199,0,39.96611
0.015379088,65.02336,199,0,39.98149
0.0159327,62.764004,199,0,39.997425
0.015072418,66.34635,199,0,40.012497
0.02328733,42.941807,199,1,40.035786
0.033497542,29.852936,199,2,40.069283
0.016107973,62.081062,199,0,40.085392
0.016300585,61.347492,199,1,40.101692
0.015254414,65.554794,199,0,40.116947
0.015857574,63.06135,199,0,40.132805
0.018971892,52.709557,199,1,40.151775
0.03440426,29.066168,200,1,40.18618
0.03362479,29.739964,200,1,40.219807
0.017778879,56.246517,200,2,40.237587
0.01254204,79.73185,201,0,40.25013
0.015885606,62.95007,201,0,40.266014
0.015854623,63.073082,201,1,40.281868
0.016213106,61.678497,201,0,40.29808
0.019643588,50.907196,200,1,40.317722
0.015563814,64.2516,201,0,40.333286
0.019234786,51.98914,201,1,40.35252
0.01595085,62.69259,201,0,40.36847
0.019889433,50.277954,200,1,40.38836
0.015823502,63.197136,201,0,40.404182
0.015492157,64.54879,201,0,40.419674
0.015950896,62.6924,201,0,40.435623
0.027739592,36.049557,201,1,40.463364
0.023021542,43.43758,201,1,40.486385
0.016552728,60.413006,200,0,40.502937
0.01593103,62.77058,200,0,40.518867
0.015765399,63.430046,200,0,40.534634
0.016140437,61.956192,200,1,40.550774
0.020567853,48.61956,200,1,40.571342
0.014311093,69.87586,200,1,40.585655
0.02482929,40.275013,200,2,40.610485
0.01504818,66.45322,200,1,40.625534
0.018775826,53.259975,200,1,40.64431
0.016623985,60.15405,200,1,40.660934
0.015704405,63.676403,200,1,40.67664
0.018019613,55.49509,201,1,40.69466
0.02060724,48.526634,201,1,40.715267
0.016262533,61.491035,201,0,40.73153
0.016235597,61.593052,201,0,40.747765
0.021077063,47.444942,201,1,40.76884
0.018058607,55.375256,201,1,40.7869
0.053890355,18.556196,201,3,40.84079
0.016496206,60.620003,201,3,40.857285
0.009887377,101.13906,201,1,40.867172
0.021112999,47.364185,201,1,40.888287
0.01696568,58.942528,201,1,40.90525
0.016893892,59.19299,201,1,40.922146
0.01885901,53.02505,201,1,40.941006
0.016960427,58.960777,201,1,40.957966
0.016430847,60.861134,201,1,40.974396
0.014930705,66.976074,201,1,40.989326
0.016248053,61.545837,201,1,41.005573
0.015416192,64.86686,201,0,41.02099
0.01643304,60.853016,201,0,41.037422
0.015413276,64.879135,201,0,41.052834
0.016140398,61.956345,201,1,41.068974
0.016242256,61.5678,201,0,41.085217
0.026909932,37.161,201,1,41.112125
0.016373027,61.07606,201,1,41.128498
0.016166499,61.85631,201,0,41.144665
0.015963763,62.641872,201,0,41.16063
0.015893886,62.917274,201,1,41.17652
0.015409994,64.89295,201,0,41.191933
0.01641457,60.921486,201,1,41.208347
0.016390018,61.01274,202,0,41.22474
0.016394839,60.99481,202,0,41.241135
0.016279396,61.427345,200,0,41.257416
0.015182313,65.86612,200,0,41.2726
0.016416267,60.91519,200,0,41.289013
0.025803912,38.75381,200,1,41.314816
0.014856684,67.30977,200,1,41.329674
0.016162105,61.873127,200,0,41.345837
0.016358184,61.13148,200,1,41.362194
0.021510713,46.488464,200,1,41.383705
0.016097233,62.122482,200,0,41.399803
0.016360087,61.12437,200,0,41.416164
0.016920825,59.098774,200,0,41.433086
0.016230814,61.611206,200,0,41.449318
0.015907167,62.86475,200,1,41.465225
0.01594412,62.719048,201,0,41.48117
0.015716294,63.62823,201,0,41.496887
0.016167454,61.852654,201,0,41.513054
0.015515765,64.45058,201,0,41.52857
0.015948536,62.70168,201,0,41.544518
0.020329967,49.18847,201,1,41.564846
0.01954611,51.161076,201,2,41.584393
0.014692605,68.06145,201,0,41.599087
0.016642498,60.087135,201,0,41.61573
0.01591813,62.82145,201,1,41.63165
0.020160237,49.602592,201,1,41.65181
0.01640702,60.949516,201,0,41.668217
0.016404668,60.958263,201,0,41.68462
0.015334953,65.2105,201,0,41.699955
0.021263001,47.03005,201,1,41.72122
0.016928378,59.072407,201,1,41.738148
0.02159982,46.29668,201,1,41.759747
0.022565939,44.31458,201,1,41.782314
0.020032898,49.917892,201,2,41.80235
0.010472786,95.48557,200,0,41.81282
0.01593337,62.76136,200,0,41.828754
0.015986018,62.55467,200,0,41.84474
0.015309744,65.31788,200,0,41.86005
0.01662864,60.13721,200,0,41.87668
0.016104445,62.09466,200,0,41.892784
0.018208226,54.92023,201,1,41.91099
0.016668476,59.993484,201,0,41.92766
0.029179482,34.270657,201,1,41.95684
0.014700554,68.02465,201,1,41.971542
0.016065324,62.245865,201,0,41.987606
0.015672829,63.80469,201,0,42.00328
0.016456148,60.767567,201,0,42.019737
0.015861342,63.046368,201,1,42.0356
0.015799435,63.293404,201,0,42.0514
0.016171735,61.83629,201,0,42.06757
0.015430739,64.80571,201,0,42.083
0.016635954,60.110767,201,0,42.099636
0.020109829,49.72693,201,1,42.119747
0.008727184,114.584496,201,1,42.128475
0.028141363,35.53488,201,2,42.156616
0.019300431,51.812313,202,2,42.175915
0.005005086,199.79677,202,0,42.18092
0.015464527,64.664116,202,0,42.196384
0.029442804,33.964157,202,1,42.225826
0.021868657,45.727547,202,1,42.247696
0.020308098,49.24144,202,1,42.268005
0.031084655,32.170216,202,1,42.29909
0.024756173,40.393967,202,1,42.32385
0.01635928,61.127384,202,0,42.340206
0.016224857,61.63382,202,0,42.35643
0.015192155,65.82345,202,0,42.371624
0.0213971,46.735306,202,2,42.39302
0.020106833,49.734337,202,2,42.413128
0.015717443,63.623577,202,1,42.428844
0.01597727,62.588917,203,0,42.44482
0.015474471,64.62257,203,0,42.460297
0.015974574,62.59948,203,0,42.476273
0.016031567,62.376934,203,0,42.492306
0.016355678,61.140846,203,0,42.508663
0.015949406,62.698265,203,0,42.524612
0.01874631,53.34383,203,1,42.543358
0.015746582,63.505844,203,0,42.559105
0.01636282,61.11416,203,0,42.575466
0.016215103,61.670902,203,0,42.591682
0.016541816,60.452854,203,1,42.608223
0.026298422,38.025097,203,3,42.63452
0.022473367,44.497116,203,3,42.656994
0.015618587,64.026276,204,0,42.67261
0.015230705,65.656845,204,0,42.687843
0.016845703,59.362316,204,1,42.70469
0.016364722,61.107056,205,1,42.721054
0.016160984,61.877422,205,1,42.737217
0.016303707,61.335743,206,0,42.75352
0.016232291,61.6056,206,0,42.769753
0.016548159,60.429688,206,0,42.7863
0.015450922,64.721054,206,0,42.80175
0.016028378,62.389343,206,0,42.81778
0.015782477,63.361404,206,1,42.83356
0.016007422,62.47102,206,2,42.849567
0.016112074,62.065258,208,0,42.86568
0.01571679,63.626225,208,0,42.881397
0.015869457,63.014126,208,0,42.897266
0.015486118,64.57396,208,0,42.912754
0.015912205,62.84484,208,0,42.928665
0.016223336,61.639603,208,0,42.94489
0.016118607,62.0401,208,1,42.961006
0.015580294,64.18364,208,1,42.976585
0.016578194,60.320206,208,0,42.993164
0.016464215,60.737793,208,0,43.00963
0.01624286,61.565517,208,0,43.02587
0.015479204,64.602806,208,0,43.04135
0.01585053,63.089375,208,0,43.0572
0.015759766,63.45272,208,1,43.07296
0.016493239,60.63091,208,2,43.089455
0.015307642,65.32685,208,0,43.104763
0.028757075,34.77405,208,1,43.13352
0.029360808,34.059006,208,1,43.16288
0.022741836,43.971825,208,1,43.185623
0.016860794,59.30919,208,1,43.202484
0.01613496,61.977222,208,0,43.21862
0.01529042,65.40043,208,0,43.23391
0.01586686,63.024437,208,1,43.249775
0.026968619,37.080135,208,1,43.276745
0.016076626,62.202106,208,1,43.29282
0.016594766,60.259964,208,0,43.309414
0.020223994,49.44622,208,1,43.32964
0.022198295,45.048504,208,2,43.351837
0.016253572,61.524937,208,0,43.36809
0.015280258,65.443924,208,0,43.383373
0.016253863,61.523838,208,0,43.399628
0.0270175,37.013046,208,1,43.426643
0.016273277,61.45044,208,1,43.442917
0.015254396,65.55487,208,0,43.45817
0.01585497,63.07171,208,1,43.474026
0.01616095,61.877552,208,0,43.490185
0.01575832,63.458538,208,0,43.505943
0.016073333,62.214848,208,0,43.52202
0.016275097,61.44357,208,0,43.538292
0.028066788,35.6293,208,2,43.56636
0.019022293,52.569897,208,2,43.585384
0.016517568,60.5416,208,0,43.601902
0.015497245,64.527596,208,0,43.6174
0.016473124,60.704945,207,0,43.633873
0.016125385,62.014023,206,0,43.649998
0.016662642,60.01449,206,0,43.66666
0.015560831,64.26392,205,0,43.68222
0.016298216,61.35641,205,0,43.698517
0.015458587,64.688965,205,0,43.713974
0.015620812,64.01716,205,1,43.729595
0.016554559,60.406322,205,1,43.74615
0.015613898,64.04551,205,1,43.761765
0.0161186,62.04013,205,0,43.77788
0.015979763,62.57915,205,0,43.79386
0.015974415,62.600098,204,0,43.809837
0.015363287,65.09024,204,0,43.8252
0.016262483,61.49123,204,0,43.84146
0.015702108,63.685722,204,1,43.857162
0.015915066,62.833546,204,0,43.873077
0.016121937,62.027287,204,0,43.8892
0.024090229,41.51061,204,2,43.91329
0.014347601,69.69807,204,1,43.927635
0.016336083,61.21418,202,1,43.94397
0.015731419,63.567055,202,0,43.9597
0.015976064,62.59364,202,0,43.975677
0.016173895,61.828022,202,0,43.99185
0.015445751,64.74272,202,0,44.007298
0.016654719,60.043045,202,0,44.023952
0.015230405,65.658134,202,0,44.039185
0.015844515,63.113327,202,0,44.05503
0.015884107,62.95601,202,0,44.070915
0.016218256,61.658913,202,0,44.087135
0.016049882,62.30575,202,0,44.103184
0.016025836,62.399246,202,1,44.11921
0.016211778,61.683548,202,2,44.13542
0.0178105,56.14666,202,1,44.153233
0.016171603,61.836792,202,0,44.169403
0.016264874,61.482185,202,0,44.18567
0.015990922,62.535477,202,0,44.20166
0.016061809,62.25949,202,0,44.217724
0.016324503,61.257607,202,0,44.234047
0.016797174,59.533825,202,0,44.250843
0.015857467,63.06177,202,0,44.2667
0.047430787,21.083351,201,2,44.314133
0.02375071,42.104004,201,2,44.337883
0.016835628,59.39784,201,1,44.354717
0.016058525,62.27222,201,0,44.370777
0.016646659,60.072113,201,0,44.387424
0.015346841,65.15999,201,0,44.40277
0.016119767,62.035637,201,0,44.41889
0.015908401,62.859863,201,0,44.4348
0.015737575,63.542194,201,1,44.45054
0.01630436,61.333282,201,0,44.466843
0.01610995,62.073437,201,0,44.482952
0.015169825,65.92034,200,0,44.498123
0.015888654,62.937992,200,1,44.51401
0.01585976,63.052658,200,1,44.529873
0.01598278,62.567333,200,0,44.545856
0.015917376,62.824425,200,0,44.561775
0.016325817,61.25268,200,1,44.578102
0.016155295,61.89921,201,0,44.594257
0.015652327,63.888264,201,0,44.60991
0.01614922,61.9225,201,0,44.626057
0.015450241,64.72391,201,0,44.641506
0.01613628,61.972153,201,0,44.657642
0.015672103,63.80765,201,0,44.673313
0.01582877,63.1761,201,0,44.68914
0.015857738,63.060696,201,0,44.704998
0.016080825,62.185867,201,0,44.721077
0.015911372,62.84813,201,0,44.736988
0.015292157,65.393,201,0,44.75228
0.016004976,62.480568,201,1,44.768288
0.016259156,61.503803,202,0,44.784546
0.016112901,62.062065,202,0,44.80066
0.0208945,47.859486,202,1,44.821552
0.007260688,137.728,202,1,44.82881
0.02279262,43.87385,201,3,44.851604
0.017586572,56.861565,201,3,44.86919
0.009089156,110.02122,200,1,44.87828
0.020122472,49.695683,200,1,44.898403
0.024811765,40.30346,200,1,44.923214
0.01455487,68.70553,199,1,44.937767
0.016248384,61.54458,199,0,44.954014
0.015989568,62.54077,199,0,44.970005
0.016014416,62.44374,199,0,44.98602
0.015522209,64.42382,199,0,45.00154
0.016284963,61.40634,199,0,45.017826
0.01527416,65.47005,199,0,45.0331
0.016365882,61.102726,199,0,45.049465
0.016168492,61.84869,199,0,45.06563
0.015266814,65.50155,199,0,45.0809
0.026387159,37.89722,199,1,45.107285
0.0328474,30.44381,199,2,45.140133
0.030380717,32.915615,199,2,45.170513
0.025960233,38.520454,199,2,45.196472
0.02061076,48.518345,198,1,45.217083
0.017914038,55.82214,198,1,45.234997
0.026493529,37.745068,198,1,45.26149
0.03526061,28.360258,198,1,45.29675
0.016024178,62.405697,198,0,45.312775
0.016318496,61.28016,198,0,45.329094
0.01649478,60.625237,198,0,45.34559
0.015343095,65.175896,198,0,45.36093
0.016318833,61.278893,198,1,45.37725
0.016380016,61.050007,198,1,45.39363
0.016873077,59.266018,198,0,45.410503
0.015183098,65.86271,198,0,45.425686
0.016740896,59.733963,198,1,45.44243
0.040566266,24.651024,198,1,45.482994
0.007036542,142.11526,198,1,45.490032
0.06780313,14.748582,198,2,45.557835
0.004467139,223.85692,198,0,45.5623
0.016511302,60.56457,197,0,45.57881
0.015239921,65.61714,197,0,45.59405
0.018733487,53.380344,196,1,45.612785
0.016554156,60.407787,196,1,45.62934
0.015585443,64.16244,196,0,45.644928
0.016235378,61.593884,196,0,45.661163
0.016213294,61.67778,196,0,45.677376
0.015261766,65.52322,196,0,45.69264
0.027115658,36.879063,196,2,45.719753
0.015053938,66.4278,197,0,45.734806
0.016043076,62.332184,197,1,45.75085
0.016683066,59.941017,198,0,45.767532
0.020307096,49.24387,198,1,45.787838
0.007670828,130.36403,198,1,45.79551
0.01639425,60.996994,198,1,45.811905
0.029885823,33.460682,198,3,45.84179
0.06115125,16.352896,198,3,45.90294
0.051062547,19.583824,198,3,45.954002
0.022522701,44.399647,198,1,45.976524
0.022678735,44.094173,198,1,45.999203
0.017555613,56.961834,198,0,46.016758
0.01588155,62.966145,198,0,46.03264
0.016947465,59.005875,198,0,46.049587
0.01575505,63.471714,198,0,46.065342
0.015385426,64.996574,198,0,46.080727
0.016511535,60.56372,198,0,46.097237
0.01632408,61.25919,198,0,46.11356
0.027067464,36.944725,198,1,46.14063
0.015481993,64.59116,198,1,46.156113
0.01641186,60.931545,198,0,46.172523
0.015833093,63.15886,198,1,46.18836
0.015222445,65.69247,198,1,46.20358
0.016118014,62.042377,198,0,46.219696
0.016276116,61.439724,198,0,46.235973
0.015408588,64.89887,198,0,46.25138
0.01673703,59.747757,198,0,46.26812
0.01692097,59.098267,198,0,46.28504
0.01670381,59.866577,198,0,46.301746
0.015307882,65.32582,198,0,46.317055
0.03314302,30.172266,198,1,46.350197
0.030040096,33.28884,198,1,46.380238
0.015238976,65.62121,198,1,46.395477
0.024002265,41.66273,198,1,46.41948
0.04785789,20.895195,198,2,46.46734
0.014364625,69.61546,199,1,46.481705
0.021100255,47.39279,199,1,46.502804
0.016208125,61.697453,199,1,46.519012
0.01579358,63.316868,200,0,46.534805
0.015403144,64.921814,200,0,46.55021
0.015685685,63.752396,200,0,46.565895
0.01612819,62.00324,200,0,46.582024
0.01588414,62.955875,200,0,46.597908
0.01619871,61.73331,200,0,46.614105
0.015787764,63.34019,200,0,46.629894
0.015719794,63.614067,200,0,46.645615
0.016209278,61.693058,200,0,46.661823
0.015356634,65.11844,200,0,46.67718
0.016386293,61.026615,200,0,46.69357
0.015568891,64.23065,200,1,46.709137
0.01626486,61.48224,201,1,46.725403
0.015993375,62.52589,201,0,46.741398
0.016121555,62.02875,201,1,46.75752
0.015942672,62.72474,201,0,46.77346
0.01517661,65.89087,201,0,46.788635
0.015895529,62.91077,201,0,46.80453
0.016635759,60.111473,201,1,46.821167
0.015683752,63.760258,201,0,46.83685
0.0162303,61.613155,201,0,46.85308
0.015302051,65.350716,201,0,46.86838
0.016338117,61.20656,201,0,46.88472
0.016182736,61.79425,201,0,46.9009
0.015723774,63.597958,201,0,46.916626
0.015422471,64.840454,201,0,46.93205
0.016194372,61.74985,201,0,46.948242
0.015463407,64.6688,201,0,46.963707
0.016250195,61.537724,201,1,46.979958
0.016446892,60.801758,201,1,46.996403
0.016761323,59.661163,201,1,47.013165
0.015921384,62.80861,201,0,47.029087
0.015925977,62.790493,201,0,47.045013
0.015842749,63.12036,201,0,47.060856
0.015285267,65.42248,201,1,47.07614
0.01615449,61.90229,202,0,47.092297
0.02808594,35.605003,202,1,47.120384
0.021009378,47.597794,202,1,47.14139
0.016761119,59.661892,202,1,47.158154
0.020807995,48.05845,202,1,47.178963
0.01631363,61.298435,202,0,47.19528
0.016220454,61.650555,202,0,47.2115
0.016159397,61.883503,202,1,47.227657
0.015485274,64.577484,202,0,47.24314
0.016304057,61.334423,202,0,47.259445
0.021245291,47.069256,202,1,47.28069
0.024257598,41.224194,202,2,47.304947
0.020925203,47.78926,202,2,47.32587
0.01777254,56.26658,202,2,47.343643
0.012510473,79.93303,202,1,47.356155
0.04271189,23.412683,201,1,47.39887
0.01651012,60.568913,201,1,47.41538
0.016011894,62.45358,201,0,47.43139
0.016212942,61.67912,201,0,47.4476
0.016157757,61.88978,201,0,47.46376
0.016237743,61.58491,201,0,47.48
0.015671264,63.81106,201,1,47.49567
0.015986715,62.551937,201,1,47.511658
0.01641792,60.909054,201,0,47.528076
0.01527674,65.45899,201,0,47.543354
0.016103584,62.097977,201,1,47.559456
0.016512638,60.559677,202,0,47.57597
0.015744012,63.516216,201,0,47.591713
0.015146519,66.02177,201,0,47.60686
0.015970247,62.61644,201,0,47.622833
0.01610852,62.078945,201,0,47.638943
0.01565693,63.869484,201,0,47.6546
0.016541718,60.453217,201,1,47.67114
0.015833976,63.15533,201,0,47.686974
0.015782047,63.363132,201,0,47.702755
0.01564999,63.897804,201,0,47.718407
0.016253311,61.525925,201,0,47.73466
0.01589058,62.93037,201,0,47.750553
0.015731916,63.565052,201,0,47.766285
0.016217282,61.662613,201,0,47.7825
0.014598304,68.50111,201,0,47.7971
0.016080627,62.186626,201,1,47.81318
0.017281624,57.864937,201,1,47.83046
0.015367124,65.07398,201,0,47.845825
0.016223103,61.640488,201,0,47.86205
0.015874742,62.993153,201,1,47.877922
0.016139654,61.959198,202,0,47.894062
0.016268378,61.468945,202,0,47.91033
0.016127154,62.00722,201,0,47.92646
0.01615351,61.906048,201,0,47.942616
0.016917542,59.11024,201,1,47.959534
0.018500226,54.053394,201,1,47.978035
0.016109306,62.075916,201,0,47.994144
0.0168531,59.33627,201,0,48.010998
0.016007701,62.469933,201,0,48.027004
0.016035888,62.360126,201,1,48.04304
0.016012788,62.45009,201,0,48.059055
0.016548265,60.429295,201,0,48.075603
0.016405504,60.955154,201,0,48.09201
0.020158522,49.60681,201,1,48.112167
0.034518346,28.9701,201,2,48.146687
0.021019833,47.574116,201,2,48.167706
0.015633173,63.966537,201,1,48.18334
0.03325213,30.073261,201,2,48.21659
0.011446738,87.36113,201,1,48.22804
0.029834982,33.5177,201,1,48.257874
0.028211731,35.446247,201,1,48.286087
0.015181316,65.870445,201,0,48.30127
0.017549995,56.980072,201,1,48.31882
0.016232021,61.60662,201,1,48.335052
0.01636185,61.117786,201,0,48.351414
0.016257534,61.50995,201,0,48.367672
0.015377659,65.0294,201,0,48.38305
0.019783525,50.547108,201,1,48.402832
0.016403107,60.96406,202,0,48.419235
0.016013196,62.448498,201,0,48.43525
0.016314378,61.295624,201,0,48.451565
0.016027125,62.394226,201,1,48.46759
0.016230393,61.6128,201,0,48.48382
0.016107732,62.081985,201,0,48.49993
0.015478393,64.60619,201,0,48.51541
0.01627085,61.459602,201,0,48.53168
0.01622318,61.6402,201,0,48.547905
0.015415372,64.870316,201,0,48.56332
0.016006617,62.474163,201,2,48.579327
0.016583048,60.302544,201,0,48.59591
0.026885787,37.194374,201,1,48.622795
0.01650351,60.593174,201,0,48.639297
0.01563379,63.964016,201,1,48.65493
0.016259193,61.503666,202,0,48.67119
0.015379993,65.01954,202,0,48.68657
0.016687805,59.924004,202,0,48.70326
0.015752012,63.48396,202,0,48.71901
0.015241888,65.60867,202,0,48.734253
0.016378988,61.053837,201,0,48.750633
0.016242947,61.56518,201,0,48.766876
0.016513309,60.557217,201,1,48.78339
0.015910957,62.84977,201,1,48.7993
0.015911905,62.846024,201,1,48.815212
0.016377483,61.059444,201,0,48.83159
0.015095561,66.24464,201,1,48.846684
0.016409745,60.939396,201,0,48.863094
0.01644204,60.819702,201,0,48.879536
0.01598294,62.566708,201,0,48.89552
0.0161587,61.886166,201,0,48.91168
0.015684767,63.756126,200,0,48.927364
0.01583892,63.13562,200,1,48.943203
0.016252074,61.53061,200,0,48.959454
0.016396878,60.98722,200,0,48.97585
0.017166086,58.2544,200,0,48.993015
0.017318888,57.740433,200,0,49.010334
0.015912598,62.84329,200,1,49.026245
0.015941309,62.730106,201,0,49.042187
0.01650378,60.59218,201,0,49.05869
0.016073031,62.216015,201,0,49.07476
0.016044427,62.326942,201,0,49.090805
0.016929366,59.06896,202,1,49.107735
0.015422889,64.83869,202,1,49.123158
0.010933665,91.46064,202,0,49.13409
0.015845906,63.107784,202,0,49.149937
0.015609107,64.06516,202,1,49.165546
0.016505282,60.586662,202,0,49.182053
0.016301163,61.34532,202,0,49.198353
0.016402975,60.964554,202,0,49.214756
0.015350825,65.14308,202,0,49.230106
0.016229333,61.61682,202,0,49.246334
0.01618217,61.796413,202,1,49.262516
0.017444642,57.324192,202,1,49.27996
0.016164647,61.8634,202,0,49.296124
0.033616897,29.746946,202,1,49.32974
0.02811047,35.573933,202,1,49.35785
0.025684327,38.93425,202,2,49.383533
0.021815715,45.838516,202,1,49.40535
0.030447798,32.843098,202,3,49.4358
0.016302638,61.33977,202,2,49.452103
0.016359797,61.125454,202,0,49.468464
0.016447626,60.79905,202,0,49.484913
0.016231881,61.607155,202,0,49.501144
0.027879193,35.869045,202,1,49.529022
0.015636787,63.951756,202,2,49.54466
0.038804833,25.769987,203,1,49.58346
0.015749205,63.495274,203,1,49.599213
0.016670078,59.98772,203,0,49.615883
0.015993034,62.527218,203,0,49.631874
0.01619323,61.754208,202,0,49.648067
0.015847921,63.09976,202,1,49.663914
0.016406674,60.950806,202,0,49.68032
0.016844153,59.36778,202,0,49.697166
0.016226579,61.62729,202,0,49.713394
0.015225692,65.67846,202,0,49.72862
0.016617697,60.17681,202,0,49.745235
0.015770556,63.409306,202,0,49.761005
0.015781503,63.365322,202,0,49.776787
0.015681338,63.77007,202,0,49.79247
0.015941313,62.730095,202,1,49.80841
0.015923355,62.80084,201,0,49.824333
0.015877808,62.980988,201,0,49.84021
0.015793622,63.316704,201,0,49.856003
0.016377931,61.057774,201,1,49.87238
0.019251201,51.94481,201,1,49.891632
0.016266445,61.47625,201,0,49.907898
0.016387342,61.02271,201,0,49.924286
0.015235014,65.638275,201,0,49.93952
0.016211921,61.683002,201,0,49.955734
0.016102798,62.101006,201,1,49.971836
0.015549474,64.31086,201,0,49.987385
0.015838115,63.138832,201,0,50.003223
0.015797256,63.302135,201,0,50.01902
0.016563596,60.37336,201,0,50.035583
0.015505225,64.494385,201,0,50.05109
0.015762115,63.443264,201,0,50.066853
0.015869882,63.01244,201,0,50.08272
0.016000532,62.497925,201,1,50.09872
0.016222723,61.641933,201,1,50.114944
0.01946403,51.376823,201,1,50.134407
0.01661057,60.20263,201,0,50.151016
0.015399263,64.93817,201,0,50.166416
0.01589245,62.922966,201,0,50.18231
0.015947184,62.706997,201,0,50.198254
0.01566343,63.842976,200,0,50.213917
0.016560173,60.385845,200,0,50.230476
0.015435161,64.78715,200,0,50.24591
0.016093,62.138817,200,0,50.262005
0.01607791,62.197144,200,1,50.278084
0.016271798,61.456024,200,0,50.294357
0.017664663,56.610195,200,1,50.312023
0.015785456,63.349453,200,1,50.32781
0.012729502,78.55767,200,0,50.340538
0.016058583,62.272,200,0,50.356598
0.015850492,63.089527,200,0,50.372448
0.016098801,62.11643,200,0,50.388546
0.016198184,61.735317,200,0,50.404743
0.015278562,65.45119,200,0,50.42002
0.016197257,61.73885,200,0,50.43622
0.016283944,61.410183,200,0,50.452503
0.015307884,65.32581,200,0,50.46781
0.016119665,62.036034,200,1,50.483932
0.024221525,41.28559,200,1,50.508156
0.016011126,62.45657,200,1,50.524166
0.015892517,62.9227,200,1,50.54006
0.015472163,64.6322,200,0,50.55553
0.016289314,61.38994,200,0,50.57182
0.016283184,61.413048,200,0,50.588104
0.016191207,61.76192,200,0,50.604294
0.016257271,61.51094,200,0,50.620552
0.016225915,61.629807,200,0,50.63678
0.020204796,49.493202,200,1,50.656986
0.020503879,48.771263,201,1,50.67749
0.017660746,56.622746,201,0,50.695152
0.015916426,62.828175,201,0,50.711067
0.015352013,65.13804,201,1,50.726418
0.015493025,64.54517,202,0,50.74191
0.015544961,64.32953,202,0,50.757454
0.015914379,62.83626,202,1,50.77337
0.018452626,54.19283,202,1,50.79182
0.015264636,65.510895,201,1,50.807087
0.016548477,60.428516,201,1,50.823635
0.01614101,61.95399,201,0,50.839775
0.01615286,61.908543,201,0,50.855927
0.016354052,61.146927,201,1,50.87228
0.015511004,64.47036,201,0,50.88779
0.032868117,30.424622,201,1,50.92066
0.016232451,61.60499,201,0,50.93689
0.016317664,61.283283,201,1,50.95321
0.015416254,64.8666,201,0,50.968624
0.01619245,61.757175,201,0,50.984818
0.01641007,60.938194,201,1,51.00123
0.016383251,61.037945,201,0,51.017612
0.016255148,61.51897,200,0,51.033867
0.015255311,65.55094,200,0,51.04912
0.016217068,61.66343,200,0,51.06534
0.016150236,61.9186,200,0,51.08149
0.016204424,61.711544,200,0,51.097694
0.01534744,65.15745,200,0,51.11304
0.016593488,60.264606,200,0,51.129635
0.025326448,39.484417,200,1,51.15496
0.016433073,60.852886,200,0,51.171394
0.015248183,65.58158,200,0,51.18664
0.016381701,61.043716,200,0,51.203022
0.016280096,61.424698,200,0,51.219303
0.015223749,65.686844,199,0,51.234528
0.016201451,61.722866,198,1,51.25073
0.04318552,23.155909,199,2,51.293915
0.006206642,161.11772,199,1,51.30012
0.017515145,57.09345,199,1,51.317635
0.011904974,83.998505,199,2,51.32954
0.037360735,26.76607,200,1,51.3669
0.016250893,61.53508,200,0,51.383152
0.016276214,61.43935,200,0,51.39943
0.016233763,61.600018,200,0,51.415665
0.016200155,61.727806,200,0,51.431866
0.016407054,60.949398,200,0,51.448273
0.015458508,64.68929,200,0,51.46373
0.016494812,60.625122,200,0,51.480225
0.015795866,63.307705,200,0,51.49602
0.015220143,65.70241,199,0,51.511242
0.01626686,61.474674,199,0,51.527508
0.016198587,61.73378,199,1,51.543705
0.015931513,62.768677,200,0,51.559635
0.015414408,64.87437,200,0,51.57505
0.016740156,59.7366,200,0,51.59179
0.016872367,59.268505,200,0,51.60866
0.016063264,62.253853,200,1,51.624725
0.015957976,62.66459,200,1,51.640682
0.016132932,61.985012,201,0,51.656815
0.016006768,62.47358,201,0,51.67282
0.016336368,61.213116,201,1,51.689156
0.016720273,59.80764,201,1,51.705875
0.016641814,60.089603,201,1,51.72252
0.016164446,61.864166,201,0,51.73868
0.0164192,60.904305,201,0,51.7551
0.016313363,61.29944,201,0,51.77141
0.021907857,45.645725,201,1,51.79332
0.021076957,47.44518,201,1,51.814396
0.025636757,39.006493,201,1,51.840034
0.014840191,67.384575,201,2,51.854874
0.010148106,98.54056,201,0,51.86502
0.01966123,50.86152,201,1,51.88468
0.01654112,60.455402,201,0,51.901222
0.016353952,61.1473,201,1,51.917576
0.0154797,64.60074,201,0,51.933056
0.016486593,60.65535,201,0,51.949543
0.016880639,59.239464,201,0,51.966423
0.023343675,42.838158,201,2,51.989765
0.017563999,56.934643,201,2,52.007328
0.03120164,32.049595,201,2,52.03853
0.004447753,224.83263,201,0,52.042976
0.01643674,60.839314,201,1,52.059414
0.0184246,54.27526,201,1,52.07784
0.016365202,61.105267,201,0,52.094204
0.015674952,63.796047,201,0,52.10988
0.015737208,63.543674,201,0,52.125614
0.016389167,61.015915,201,0,52.142002
0.015366431,65.07692,201,0,52.157368
0.016397867,60.98354,201,0,52.173767
0.016261792,61.493843,200,0,52.19003
0.01622461,61.63476,200,0,52.206253
0.016263736,61.486485,200,0,52.222515
0.016329091,61.240395,200,0,52.238846
0.016265487,61.479866,200,0,52.25511
0.016242914,61.56531,200,0,52.271355
0.015681745,63.768414,200,0,52.287037
0.015570653,64.22338,200,1,52.30261
0.016526997,60.507057,200,0,52.319134
0.015824953,63.19134,199,0,52.334957
0.015926389,62.78887,199,0,52.350883
0.016133372,61.983326,199,1,52.367016
0.015577285,64.19604,200,0,52.38259
0.02153875,46.42795,201,1,52.40413
0.01990909,50.228313,201,1,52.424038
0.01623975,61.577305,201,0,52.440277
0.01623416,61.598507,201,0,52.456512
0.015326692,65.24565,201,1,52.47184
0.017227985,58.045094,201,1,52.489067
0.01617629,61.81887,201,0,52.505245
0.016025756,62.39955,201,1,52.52127
0.016261663,61.494328,201,0,52.537533
0.016992552,58.849308,201,1,52.554523
0.01664665,60.072147,202,2,52.57117
0.015526843,64.404594,202,0,52.586697
0.016227903,61.62226,202,0,52.602924
0.016196327,61.74239,202,0,52.61912
0.01527315,65.47438,202,0,52.634396
0.01628096,61.42144,201,0,52.650677
0.015475044,64.62017,201,0,52.666153
0.016608069,60.211697,201,0,52.682762
0.015537099,64.362076,201,0,52.6983
0.015691489,63.728813,201,0,52.71399
0.03621582,27.612244,201,0,52.750206
0.03486629,28.681,201,0,52.785072
0.033064634,30.243793,201,0,52.81814
0.03435166,29.110674,201,0,52.85249
0.033894192,29.50358,201,0,52.886383
0.03350527,29.84605,201,0,52.919888
0.03292645,30.37072,201,0,52.952812
0.0332967,30.033007,201,0,52.98611
0.033432137,29.911339,201,0,53.019543
0.03284627,30.444857,201,0,53.052387
0.033326823,30.005861,201,0,53.085712
0.0336325,29.733145,201,0,53.119347
0.03362539,29.739433,201,0,53.152973
0.033224426,30.098335,201,0,53.1862
0.033391055,29.948141,201,0,53.21959
0.033461902,29.884733,201,0,53.25305
0.03358454,29.775608,201,0,53.286636
0.03341161,29.929714,201,0,53.32005
0.032993026,30.309437,201,0,53.353043
0.032577332,30.69619,201,0,53.38562
0.03387616,29.519285,201,0,53.419495
0.033938807,29.464796,201,0,53.453434
0.033581115,29.77864,201,0,53.487015
0.03415103,29.281696,201,0,53.521164
0.034243923,29.202261,201,0,53.55541
0.033699296,29.67421,201,0,53.589108
0.03419605,29.243143,201,0,53.623302
0.03338147,29.95674,201,0,53.656685
0.03339514,29.944477,201,0,53.69008
0.033171725,30.146154,201,0,53.72325
0.032689918,30.590471,201,0,53.75594
0.03293123,30.366312,201,0,53.78887
0.033041116,30.265322,201,0,53.821915
0.0333899,29.949175,201,0,53.855305
0.03313139,30.182856,201,0,53.888435
0.03718801,26.89039,201,0,53.925625
0.034216914,29.225311,201,0,53.959843
0.035942193,27.822454,201,0,53.995785
0.033729695,29.647467,201,0,54.029514
0.036249384,27.586676,201,0,54.065765
0.03352526,29.828257,201,0,54.09929
0.032822356,30.467037,201,0,54.13211
0.034744836,28.781254,201,0,54.166855
0.03288118,30.412535,201,0,54.199738
0.034443986,29.032644,201,0,54.23418
0.036862284,27.128,201,0,54.27104
0.031137656,32.115456,201,0,54.30218
